No,ID Transaksi,Tgl Operasional,Waktu Masuk,Waktu Selesai,Ruangan,Durasi (Menit),Tarif Room/Jam,Biaya Room (Rp),Biaya F&B Riil (Rp),Biaya LC (Rp),Diskon Promo (Rp),Grand Total (Rp),Metode Bayar,Status Bayar,Kasir,ID Order F&B,Catatan Audit
1,TRX-20260813003222955-F5E5D198,2026-08-12,2026-08-12 23:18:40,2026-08-13 00:32:16,Ruangan 4 - VIP 4,120,135000,270000,591000,875000,0,1736000,TRANSFER,PAID,Kasir 1,"FNB-20260812-232029-387,FNB-20260812-232459-665,FNB-20260812-232856-451,FNB-20260813-000410-133",
2,TRX-20260812235316805-E4CAFC76,2026-08-12,2026-08-12 22:03:31,2026-08-12 23:53:08,Ruangan 3 - VIP 3,120,125000,250000,290000,625000,0,1165000,,UNPAID,Kasir 1,"FNB-20260812-221226-792,FNB-20260812-233339-402,FNB-20260812-235046-847",
3,TRX-20260812220721870-690E7BBB,2026-08-12,2026-08-12 20:56:52,2026-08-12 22:07:17,Ruangan 1 - VIP 1,120,125000,0,0,125000,250000,125000,TRANSFER,PAID,Admin 1,,
4,TRX-20260812160242769-A41EEF69,2026-08-12,2026-08-11 23:39:13,2026-08-12 16:02:38,Ruangan 9 - EXECUTIVE ,120,185000,1000000,425000,500000,0,1925000,,UNPAID,Manager 1,"FNB-20260811-234021-349,FNB-20260812-004451-736",
5,TRX-20260812160010301-92C34838,2026-08-11,2026-08-12 00:24:30,2026-08-12 16:00:07,Ruangan 8 - VIP 8,120,135000,270000,350000,0,0,620000,,UNPAID,Manager 1,FNB-20260812-004235-669,
6,TRX-20260812155836492-C0AA2317,2026-08-11,2026-08-11 23:11:39,2026-08-12 15:58:31,Ruangan 7 - VIP 7,240,125000,500000,656000,0,0,1156000,,UNPAID,Manager 1,"FNB-20260811-234347-554,FNB-20260812-001650-970",
7,TRX-20260812155637582-5AA5FE2F,2026-08-11,2026-08-12 00:12:47,2026-08-12 15:56:34,Ruangan 4 - VIP 4,120,135000,270000,760000,0,0,1030000,,UNPAID,Manager 1,"FNB-20260812-001509-306,FNB-20260812-003720-345",
8,TRX-20260812154739880-76D7EFBE,2026-08-11,2026-08-12 00:22:01,2026-08-12 15:47:33,Ruangan 3 - VIP 3,120,125000,250000,270000,0,0,520000,,UNPAID,Manager 1,FNB-20260812-002246-42,
9,TRX-20260812154508032-ABAF768A,2026-08-11,2026-08-12 00:39:44,2026-08-12 15:45:04,Ruangan 2 - VIP 2,60,135000,135000,135000,0,0,270000,,UNPAID,Manager 1,FNB-20260812-004110-297,
10,TRX-20260812154234816-BEC44CDC,2026-08-11,2026-08-12 00:54:15,2026-08-12 15:42:31,Ruangan 1 - VIP 1,120,125000,250000,565000,0,0,815000,,UNPAID,Manager 1,FNB-20260812-005606-960,
11,TRX-20260811233033783-7E3357D6,2026-08-11,2026-08-11 23:29:23,2026-08-11 23:30:33,F&B Umum - VIP 3 pindah ke VIP 5,0,0,0,60000,0,0,60000,TRANSFER,PAID,Admin 1,FNB-20260811-232928-743,
12,TRX-20260811230207308-CAF4BC92,2026-08-11,2026-08-11 21:18:21,2026-08-11 23:01:59,Ruangan 3 - VIP 3,120,125000,250000,1020000,375000,0,1645000,,UNPAID,Admin 1,"FNB-20260811-212126-293,FNB-20260811-212531-944,FNB-20260811-225601-611",
13,TRX-20260811224806873-3BAE716C,2026-08-11,2026-08-11 21:03:55,2026-08-11 22:48:02,Ruangan 1 - VIP 1,120,125000,250000,451000,1125000,0,1826000,,UNPAID,Admin 1,FNB-20260811-211024-177,
14,TRX-20260811185630452-ED8810BA,2026-08-11,2026-08-11 18:55:34,2026-08-11 18:56:30,F&B Umum - Lounge,0,0,0,160000,0,0,160000,TRANSFER,PAID,Admin 1,FNB-20260811-185539-250,
15,TRX-20260811034413298-16FD49DA,2026-08-10,2026-08-11 01:50:13,2026-08-11 03:44:07,Ruangan 2 - VIP 2,120,135000,270000,348000,1625000,0,2243000,CASH,PAID,Admin 1,"FNB-20260811-015820-297,FNB-20260811-024830-867",
16,TRX-20260811032532661-E62CF24B,2026-08-10,2026-08-11 01:48:58,2026-08-11 03:25:26,Ruangan 3 - VIP 3,120,125000,1000000,73000,250000,0,1323000,TRANSFER,PAID,Admin 1,"FNB-20260811-015101-765,FNB-20260811-015329-848",
17,TRX-20260811032207770-1CC4C63E,2026-08-10,2026-08-11 01:33:10,2026-08-11 03:22:03,Ruangan 4 - VIP 4,120,135000,270000,650000,750000,0,1670000,TRANSFER,PAID,Admin 1,"FNB-20260811-014258-403,FNB-20260811-024357-959,FNB-20260811-025359-649",
18,TRX-20260811031004496-8B5484A0,2026-08-10,2026-08-11 01:22:47,2026-08-11 03:10:01,Ruangan 1 - VIP 1,120,125000,250000,190000,375000,0,815000,TRANSFER,PAID,Admin 1,"FNB-20260811-013403-854,FNB-20260811-013945-153",
19,TRX-20260811022515455-F760A417,2026-08-10,2026-08-10 23:47:08,2026-08-11 02:25:09,Ruangan 5 - VIP 5,240,135000,0,185000,1500000,540000,1685000,TRANSFER,PAID,Admin 1,"FNB-20260810-234759-106,FNB-20260811-001236-933,FNB-20260811-001338-610",
20,TRX-20260811020846620-15950B52,2026-08-10,2026-08-11 01:32:02,2026-08-11 02:08:42,Ruangan 7 - VIP 7,60,125000,125000,0,500000,0,625000,TRANSFER,PAID,Admin 1,,
21,TRX-20260811012748228-A90E661B,2026-08-10,2026-08-10 23:39:28,2026-08-11 01:27:41,Ruangan 7 - VIP 7,120,125000,1200000,635000,1000000,0,2835000,TRANSFER,PAID,Admin 1,"FNB-20260810-235351-196,FNB-20260811-002056-628,FNB-20260811-002204-668,FNB-20260811-002534-678,FNB-20260811-002831-123,FNB-20260811-010624-883",
22,TRX-20260811010818674-075BF4F0,2026-08-10,2026-08-10 23:12:34,2026-08-11 01:08:15,Ruangan 9 - EXECUTIVE ,120,185000,370000,181000,750000,0,1301000,TRANSFER,PAID,Admin 1,"FNB-20260811-001803-908,FNB-20260811-004524-966,FNB-20260811-005740-673",
23,TRX-20260810225749187-84CE5B2A,2026-08-10,2026-08-10 22:12:02,2026-08-10 22:57:43,Ruangan 9 - EXECUTIVE ,60,185000,185000,8000,250000,0,443000,TRANSFER,PAID,Admin 1,FNB-20260810-223512-427,
24,TRX-20260810220845473-B5769C6A,2026-08-10,,2026-08-10 22:08:36,F&B Umum - LC,0,0,0,85000,0,0,85000,TRANSFER,PAID,Manager 1,FNB-20260810-220841-64,
25,TRX-20260810220828445-2C4C5AB4,2026-08-10,2026-08-10 19:22:57,2026-08-10 22:08:21,Ruangan 9 - EXECUTIVE ,180,185000,450000,725000,1125000,0,2300000,TRANSFER,PAID,Admin 1,"FNB-20260810-193111-310,FNB-20260810-195202-305,FNB-20260810-202843-596,FNB-20260810-210835-411",
26,TRX-20260810204136340-81122692,2026-08-10,2026-08-10 20:00:31,2026-08-10 20:41:33,Ruangan 6 - VIP 6,120,135000,0,195000,0,270000,195000,TRANSFER,PAID,Admin 1,FNB-20260810-200135-669,
27,TRX-20260809053314065-28CD98B5,2026-08-08,2026-08-09 04:21:40,2026-08-09 05:33:10,Ruangan 7 - VIP 7,120,125000,250000,412000,0,0,662000,TRANSFER,PAID,Admin 1,"FNB-20260809-044010-42,FNB-20260809-044621-998,FNB-20260809-044720-863",
28,TRX-20260809043451860-8EDDD7DB,2026-08-08,2026-08-09 01:41:45,2026-08-09 04:34:45,Ruangan 3 - VIP 3,180,125000,375000,788000,375000,0,1538000,TRANSFER,PAID,Admin 1,"FNB-20260809-014545-626,FNB-20260809-025420-704,FNB-20260809-033614-28",
29,TRX-20260809040428896-E26D8A55,2026-08-08,2026-08-09 00:06:14,2026-08-09 04:04:25,Ruangan 7 - VIP 7,300,125000,0,1018000,1875000,625000,2893000,TRANSFER,PAID,Admin 1,"FNB-20260809-001145-510,FNB-20260809-022022-109,FNB-20260809-023909-818,FNB-20260809-025724-155,FNB-20260809-034402-994",
30,TRX-20260809032334405-D6D4DAD8,2026-08-08,2026-08-09 02:31:10,2026-08-09 03:23:28,Ruangan 2 - VIP 2,180,135000,405000,85000,375000,0,865000,TRANSFER,PAID,Admin 1,FNB-20260809-024212-267,
31,TRX-20260809031806268-B2DB227B,2026-08-08,2026-08-09 01:29:43,2026-08-09 03:18:01,Ruangan 9 - EXECUTIVE ,120,185000,750000,65000,500000,250000,1315000,TRANSFER,PAID,Admin 1,FNB-20260809-014659-721,
32,TRX-20260809030718947-D135888D,2026-08-08,2026-08-09 01:22:19,2026-08-09 03:07:14,Ruangan 1 - VIP 1,120,125000,250000,0,250000,0,500000,CASH,PAID,Admin 1,,
33,TRX-20260809005539212-0D23F5E8,2026-08-08,2026-08-08 23:04:45,2026-08-09 00:55:32,Ruangan 9 - EXECUTIVE ,120,185000,750000,60000,500000,250000,1310000,TRANSFER,PAID,Admin 1,FNB-20260808-233246-323,
34,TRX-20260808225411828-DF14E4F6,2026-08-08,2026-08-08 21:09:25,2026-08-08 22:54:07,Ruangan 9 - EXECUTIVE ,120,185000,750000,285000,500000,250000,1535000,TRANSFER,PAID,Admin 1,FNB-20260808-212018-96,
35,TRX-20260808045158499-78A6A717,2026-08-07,2026-08-08 01:09:49,2026-08-08 04:51:51,Ruangan 2 - VIP 2,240,135000,540000,266000,1000000,0,1806000,TRANSFER,PAID,Admin 1,FNB-20260808-015007-902,
36,TRX-20260808041703144-C4E06CD2,2026-08-07,2026-08-08 01:37:18,2026-08-08 04:16:55,Ruangan 6 - VIP 6,180,135000,405000,263000,1000000,0,1668000,TRANSFER,PAID,Admin 1,"FNB-20260808-014150-318,FNB-20260808-023536-556,FNB-20260808-033518-804,FNB-20260808-040202-463",
37,TRX-20260808040428961-CAB43CDB,2026-08-07,2026-08-08 01:18:34,2026-08-08 04:04:24,Ruangan 4 - VIP 4,180,135000,450000,565000,750000,0,1765000,TRANSFER,PAID,Admin 1,"FNB-20260808-013157-165,FNB-20260808-013902-850,FNB-20260808-034200-384",
38,TRX-20260808035129869-8859B335,2026-08-07,2026-08-08 00:02:17,2026-08-08 03:51:25,Ruangan 3 - VIP 3,240,125000,500000,288000,750000,0,1538000,TRANSFER,PAID,Admin 1,"FNB-20260808-001320-503,FNB-20260808-032842-898",
39,TRX-20260808022409940-68C4E94D,2026-08-07,2026-08-08 00:35:50,2026-08-08 02:24:04,Ruangan 1 - VIP 1,120,125000,250000,781000,125000,0,1156000,TRANSFER,PAID,Admin 1,FNB-20260808-004428-789,
40,TRX-20260808012146612-A21C7B19,2026-08-07,2026-08-07 22:37:49,2026-08-08 01:21:37,Ruangan 9 - EXECUTIVE ,180,185000,450000,891000,1125000,0,2466000,TRANSFER,PAID,Admin 1,"FNB-20260807-224616-361,FNB-20260808-000059-97,FNB-20260808-012018-534",
41,TRX-20260808005415054-1ACB5C4B,2026-08-07,2026-08-07 21:09:20,2026-08-08 00:54:09,Ruangan 4 - VIP 4,240,135000,485000,965000,1500000,0,2950000,CASH,PAID,Admin 1,"FNB-20260807-211906-459,FNB-20260807-213535-50,FNB-20260807-214924-453,FNB-20260807-222203-761,FNB-20260807-222255-52,FNB-20260807-234520-784,FNB-20260808-000959-672,FNB-20260808-004839-395",
42,TRX-20260807235435193-EB5794E0,2026-08-07,2026-08-07 21:37:02,2026-08-07 23:54:32,Ruangan 8 - VIP 8,180,135000,0,180000,375000,405000,555000,TRANSFER,PAID,Admin 1,FNB-20260807-213805-974,
43,TRX-20260807221621377-D9E964A3,2026-08-07,2026-08-07 21:28:04,2026-08-07 22:16:09,Ruangan 7 - VIP 7,60,125000,0,60000,375000,125000,435000,TRANSFER,PAID,Kasir 1,FNB-20260807-214637-754,
44,TRX-20260807215938745-06082126,2026-08-07,2026-08-07 21:42:51,2026-08-07 21:59:38,F&B Umum - Di depan bar,0,0,0,350000,0,0,350000,CASH,PAID,Kasir 1,FNB-20260807-214255-690,
45,TRX-20260807210204445-39D65EA2,2026-08-07,2026-08-07 19:08:55,2026-08-07 21:01:55,Ruangan 7 - VIP 7,120,125000,1000000,740000,750000,0,2490000,TRANSFER,PAID,Kasir 1,"FNB-20260807-193341-622,FNB-20260807-204133-599,FNB-20260807-205524-982",
46,TRX-20260807102818939-2C926296,2026-08-06,2026-08-07 00:31:15,2026-08-07 03:31:15,Ruangan 7 - VIP 7,180,135000,300000,300000,0,0,600000,TRANSFER,PAID,Manager 1,FNB-20260807-062051-828,
47,TRX-20260807031103933-90B28599,2026-08-06,2026-08-07 00:26:33,2026-08-07 03:10:57,Ruangan 1 - VIP 1,180,135000,300000,373000,375000,0,1048000,TRANSFER,PAID,Kasir 1,"FNB-20260807-002759-423,FNB-20260807-004432-297,FNB-20260807-020049-554,FNB-20260807-030929-961",
48,TRX-20260806223846618-F417DD42,2026-08-06,2026-08-06 20:49:36,2026-08-06 22:38:41,Ruangan 1 - VIP 1,120,135000,270000,560000,500000,0,1330000,TRANSFER,PAID,Admin 1,"FNB-20260806-205436-231,FNB-20260806-212221-97,FNB-20260806-213015-834,FNB-20260806-213052-8,FNB-20260806-215653-380,FNB-20260806-222625-923",
49,TRX-MANUAL-20260806-0610-ROOM009,2026-08-05,2026-08-06 06:10:00,2026-08-06 08:10:00,Ruangan 9 - EXECUTIVE,120,185000,185000,1985000,750000,185000,2920000,TRANSFER,PAID,Alfin,FNB-MANUAL-20260806-0610-ROOM009,
50,TRX-20260807135359039-99CBEF85,2026-08-06,2026-08-06 04:40:00,2026-08-06 06:40:00,Ruangan 7 - VIP 7,120,125000,250000,240000,0,0,490000,TRANSFER,PAID,nindy,FNB-20260807-135359-949,
51,TRX-20260806054847694-814DF34C,2026-08-05,2026-08-05 21:26:48,2026-08-06 05:48:43,Ruangan 4 - VIP 4,360,135000,0,1439000,2625000,900000,3974000,TRANSFER,PAID,Manager 1,"FNB-20260805-214647-77,FNB-20260805-220534-782,FNB-20260805-225752-531,FNB-20260806-001403-701,FNB-20260806-001523-942,FNB-20260806-003520-479,FNB-20260806-005507-37,FNB-20260806-011046-843",
52,TRX-20260807150120435-6509C5D9,2026-08-06,2026-08-06 04:35:00,2026-08-06 04:35:00,F&B Umum - yeni,0,0,0,65000,0,0,65000,CASH,PAID,nindy,FNB-20260807-150120-76,
53,TRX-20260806023006584-90A1B804,2026-08-05,2026-08-06 00:36:39,2026-08-06 02:29:59,Ruangan 1 - VIP 1,120,135000,270000,85000,250000,0,605000,CASH,PAID,Admin 1,FNB-20260806-004008-307,
54,TRX-20260806013616884-4A5324B2,2026-08-05,2026-08-05 23:46:09,2026-08-06 01:36:12,Ruangan 2 - VIP 2,120,135000,270000,416000,500000,0,1186000,TRANSFER,PAID,Admin 1,FNB-20260806-000029-269,
55,TRX-20260805235318526-B159A7D4,2026-08-05,2026-08-05 21:02:33,2026-08-05 23:53:04,Ruangan 1 - VIP 1,180,135000,405000,525000,1500000,0,2430000,TRANSFER,PAID,Kasir 1,"FNB-20260805-213041-343,FNB-20260805-221408-565,FNB-20260805-221539-750,FNB-20260805-223937-762",
56,TRX-20260805234344479-8788326C,2026-08-05,2026-08-05 22:51:14,2026-08-05 23:43:44,F&B Umum - Lobby,0,0,0,80000,0,0,80000,CASH,PAID,Kasir 1,FNB-20260805-225114-852,
57,TRX-20260805231927544-1FFEC791,2026-08-05,2026-08-05 22:01:38,2026-08-05 23:19:26,Ruangan 5 - VIP 5,120,135000,0,223000,250000,270000,473000,CASH,PAID,Kasir 1,FNB-20260805-222054-855,
58,TRX-20260805224112734-9F4C7C7F,2026-08-05,2026-08-05 19:55:00,2026-08-05 22:41:09,Ruangan 3 - VIP 3,180,135000,405000,518000,375000,0,1298000,TRANSFER,PAID,Kasir 1,"FNB-20260805-201003-788,FNB-20260805-204759-582",
59,TRX-MANUAL-20260805-0400-ROOM005,2026-08-04,2026-08-05 04:00:00,2026-08-05 06:00:00,Ruangan 5 - VIP 5,120,135000,270000,165000,0,0,435000,TRANSFER,PAID,Alfin,FNB-MANUAL-20260805-0400-ROOM005,
60,TRX-20260805053508526-F91FCC8D,2026-08-04,2026-08-05 04:31:51,2026-08-05 05:35:08,F&B Umum - VIP 3 free room,0,0,0,508000,0,0,508000,CASH,PAID,Admin 1,FNB-20260805-043151-862,
61,TRX-20260805045716341-1A903648,2026-08-04,2026-08-05 00:58:47,2026-08-05 04:57:14,Ruangan 2 - VIP 2,240,135000,540000,700000,1000000,0,2240000,TRANSFER,PAID,Admin 1,"FNB-20260805-012008-57,FNB-20260805-022058-77,FNB-20260805-044052-482",
62,TRX-20260805044426461-A704CE06,2026-08-04,2026-08-05 02:41:41,2026-08-05 04:44:23,Ruangan 5 - VIP 5,180,135000,350000,145000,750000,0,1245000,CASH,PAID,Admin 1,FNB-20260805-030501-37,
63,TRX-20260805043438019-059DA851,2026-08-04,2026-08-05 02:18:09,2026-08-05 04:34:36,Ruangan 6 - VIP 6,150,135000,337500,513000,0,0,850500,CASH,PAID,Admin 1,"FNB-20260805-021940-811,FNB-20260805-023643-347,FNB-20260805-030410-463,FNB-20260805-030715-147",
64,TRX-20260805031233687-BE3E79B6,2026-08-04,2026-08-05 00:32:44,2026-08-05 03:12:32,Ruangan 9 - EXECUTIVE ,180,185000,555000,120000,750000,0,1425000,TRANSFER,PAID,Admin 1,FNB-20260805-020115-978,
65,TRX-20260805025136119-2E886C29,2026-08-04,2026-08-04 23:40:11,2026-08-05 02:51:32,Ruangan 4 - VIP 4,180,135000,405000,543000,1250000,0,2198000,TRANSFER,PAID,Admin 1,"FNB-20260805-003556-901,FNB-20260805-012750-347,FNB-20260805-013740-394",
66,TRX-20260805024617239-6C972EDE,2026-08-04,2026-08-05 00:40:51,2026-08-05 02:46:15,Ruangan 8 - VIP 8,120,135000,1000000,1032000,500000,0,2532000,TRANSFER,PAID,Admin 1,"FNB-20260805-004935-6,FNB-20260805-005513-209,FNB-20260805-005706-510,FNB-20260805-013052-685",
67,TRX-20260805022710510-2E05A481,2026-08-04,2026-08-05 00:56:04,2026-08-05 02:27:08,Ruangan 7 - VIP 7,120,135000,270000,242000,0,0,512000,TRANSFER,PAID,Admin 1,"FNB-20260805-011028-250,FNB-20260805-011200-454,FNB-20260805-014312-347,FNB-20260805-014400-553",
68,TRX-20260805011905514-205383D4,2026-08-04,2026-08-04 22:15:00,2026-08-05 01:19:04,Ruangan 5 - VIP 5,180,135000,405000,606000,625000,0,1636000,TRANSFER,PAID,Admin 1,"FNB-20260804-233700-325,FNB-20260804-235124-925",
69,TRX-20260805010312629-C72FE2FD,2026-08-04,,2026-08-05 01:03:07,F&B Umum,0,0,0,70000,0,0,70000,CASH,PAID,Admin 1,FNB-20260805-010307-547,
70,TRX-20260805001746742-81EE9A52,2026-08-04,2026-08-04 22:15:00,2026-08-05 00:17:42,Ruangan 9 - EXECUTIVE ,120,185000,2000000,125000,0,0,2125000,TRANSFER,PAID,Admin 1,FNB-20260804-233708-441,
71,TRX-20260804235823819-93E3607B,2026-08-04,2026-08-04 22:00:00,2026-08-04 23:58:21,Ruangan 3 - VIP 3,120,135000,270000,761000,125000,0,1156000,TRANSFER,PAID,Admin 1,FNB-20260804-233654-890,
72,TRX-20260804230726117-64D387F2,2026-08-04,,2026-08-04 23:07:22,F&B Umum,0,0,0,65000,0,0,65000,CASH,PAID,Admin 1,FNB-20260804-230722-186,
73,TRX-20260804225045416-8E8D2AF6,2026-08-04,2026-08-04 18:00:00,2026-08-04 22:50:43,Ruangan 8 - VIP 8,240,135000,540000,607000,2000000,0,3147000,TRANSFER,PAID,Kasir 1,FNB-20260804-225035-693,
74,TRX-20260804040744671-E386F252,2026-08-03,2026-08-04 01:31:31,2026-08-04 04:07:42,Ruangan 9 - EXECUTIVE ,180,185000,555000,3277000,1875000,0,5707000,TRANSFER,PAID,Kasir 1,"FNB-20260804-014138-583,FNB-20260804-015445-85,FNB-20260804-020134-440,FNB-20260804-020515-808,FNB-20260804-021432-687,FNB-20260804-022152-305,FNB-20260804-024929-413,FNB-20260804-025202-79,FNB-20260804-030205-468,FNB-20260804-033147-986,FNB-20260804-034555-970,FNB-20260804-040149-805",
75,TRX-20260804012836319-ED0184C5,2026-08-03,2026-08-03 22:33:59,2026-08-04 01:28:32,Ruangan 9 - EXECUTIVE ,180,185000,450000,1726000,1500000,0,3676000,TRANSFER,PAID,Kasir 1,"FNB-20260803-223740-466,FNB-20260803-225044-275,FNB-20260803-225400-330,FNB-20260803-231335-318,FNB-20260803-233247-190,FNB-20260803-234415-444,FNB-20260803-234458-310,FNB-20260803-234559-551,FNB-20260804-003550-773,FNB-20260804-005100-562",
76,TRX-20260804005313304-85004810,2026-08-03,2026-08-03 22:52:15,2026-08-04 00:53:10,Ruangan 1 - VIP 1,120,135000,270000,235000,250000,0,755000,TRANSFER,PAID,Kasir 1,FNB-20260803-225551-558,
77,TRX-20260804000217907-380BEFBA,2026-08-03,2026-08-03 22:12:01,2026-08-04 00:02:15,Ruangan 3 - VIP 3,180,135000,300000,860000,250000,0,1410000,CASH,PAID,Kasir 1,"FNB-20260803-221459-193,FNB-20260803-230645-507,FNB-20260803-233104-9,FNB-20260803-233657-666",
78,TRX-20260803224401205-5DAA7E8B,2026-08-03,,2026-08-03 22:43:59,F&B Umum,0,0,0,80000,0,0,80000,CASH,PAID,Admin 1,FNB-20260803-224359-912,
79,TRX-20260803213349804-7D62FA0C,2026-08-03,,2026-08-03 21:33:47,F&B Umum,0,0,0,75000,0,0,75000,CASH,PAID,Kasir 1,FNB-20260803-213347-795,
80,TRX-20260803193909507-2FDABBF8,2026-08-03,2026-08-03 19:34:39,2026-08-03 19:38:59,Ruangan 1 - VIP 1,180,135000,450000,750000,625000,0,1825000,,UNPAID,Kasir 1,FNB-20260803-193422-724,
81,TRX-20260803163745384-0E34036F,2026-08-03,2026-08-03 16:19:33,2026-08-03 16:37:43,Ruangan 1 - VIP 1,180,135000,300000,895000,750000,0,1945000,,UNPAID,Manager 1,"FNB-20260803-161908-889,FNB-20260803-162022-912",
82,TRX-20260803161358867-14B42BDD,2026-08-03,2026-08-03 16:09:06,2026-08-03 16:13:57,Ruangan 1 - VIP 1,180,135000,450000,0,750000,0,1200000,,UNPAID,Manager 1,,
83,TRX-20260803155553357-158FB4CD,2026-08-03,2026-08-03 15:52:50,2026-08-03 15:55:50,Ruangan 1 - VIP 1,10,135000,22500,70000,250000,0,342500,CASH,PAID,Manager 1,FNB-20260803-155444-556,
84,TRX-20260803024926524-D66D52A6,2026-08-02,2026-08-03 00:01:00,2026-08-03 02:49:25,Ruangan 9 - EXECUTIVE ,180,185000,555000,1233000,0,0,1788000,TRANSFER,PAID,Manager 1,"FNB-20260803-003009-711,FNB-20260803-003554-694,FNB-20260803-003756-6,FNB-20260803-011603-797,FNB-20260803-014738-276,FNB-20260803-020511-312,FNB-20260803-020548-420,FNB-20260803-021505-636",
85,TRX-20260803022104236-C2C935B3,2026-08-02,,2026-08-03 02:21:01,F&B Umum,0,0,0,105000,0,0,105000,CASH,PAID,Manager 1,FNB-20260803-022101-272,
86,TRX-20260803012309352-5177E642,2026-08-02,,2026-08-03 01:23:08,F&B Umum,0,0,0,448000,0,0,448000,CASH,PAID,Manager 1,FNB-20260803-011930-353,
87,TRX-20260803002445755-DFB76FEF,2026-08-02,,2026-08-03 00:24:42,F&B Umum,0,0,0,585000,0,0,585000,CASH,PAID,Manager 1,FNB-20260803-002442-494,
88,TRX-20260803000257259-130F4286,2026-08-02,2026-08-02 22:34:20,2026-08-03 00:02:55,Ruangan 1 - VIP 1,180,135000,300000,100000,0,0,400000,TRANSFER,PAID,Kasir 1,"FNB-20260802-224119-754,FNB-20260802-225339-284",
89,TRX-20260802235621587-700327A5,2026-08-02,2026-08-02 21:03:11,2026-08-02 23:56:20,Ruangan 9 - EXECUTIVE ,180,185000,450000,637000,0,0,1837000,TRANSFER,PAID,Kasir,"FNB-20260802-210525-843,FNB-20260802-210840-524,FNB-20260802-212924-346,FNB-20260802-214824-500,FNB-20260802-225419-359",Koreksi Forensik: F&B senilai Rp 637.000 sudah terbayar lunas dalam Grand Total Rp 1.837.000 (kolom fnb_total tercatat 0)
90,TRX-20260802232912587-0B55ABFA,2026-08-02,,2026-08-02 23:29:10,F&B Umum,0,0,0,163000,0,0,163000,CASH,PAID,Kasir 1,FNB-20260802-232910-100,
91,TRX-20260802054805364-F83E7F93,2026-08-01,2026-08-02 04:50:04,2026-08-02 05:48:03,Ruangan 8 - VIP 8,120,135000,270000,95000,0,0,365000,CASH,PAID,Kasir 1,"FNB-20260802-045109-179,FNB-20260802-054347-263",
92,TRX-20260802053538370-EA75C18D,2026-08-01,2026-08-02 04:13:41,2026-08-02 05:35:35,Ruangan 5 - VIP 5,120,135000,270000,93000,0,0,363000,CASH,PAID,Kasir 1,FNB-20260802-044400-251,
93,TRX-20260802050504900-270CDC43,2026-08-01,2026-08-02 02:24:34,2026-08-02 05:05:03,Ruangan 7 - VIP 7,180,135000,405000,526000,1125000,0,2056000,TRANSFER,PAID,Kasir 1,"FNB-20260802-023828-403,FNB-20260802-032101-378,FNB-20260802-044514-557",
94,TRX-20260802045922124-F64CB43C,2026-08-01,2026-08-02 04:38:43,2026-08-02 04:59:20,Ruangan 1 - VIP 1,180,135000,405000,36000,750000,0,1191000,TRANSFER,PAID,Kasir 1,FNB-20260802-044228-396,
95,TRX-20260802043555028-0499B234,2026-08-01,2026-08-01 22:26:45,2026-08-02 04:35:53,Ruangan 2 - VIP 2,360,135000,810000,996000,1500000,0,3306000,TRANSFER,PAID,Kasir 1,"FNB-20260801-223003-170,FNB-20260801-223141-12,FNB-20260801-224108-950,FNB-20260801-224557-523,FNB-20260802-003204-32,FNB-20260802-004552-155,FNB-20260802-004640-910,FNB-20260802-011102-35,FNB-20260802-014401-757,FNB-20260802-042441-211",
96,TRX-20260802042813564-3461578A,2026-08-01,,2026-08-02 04:28:11,F&B Umum,0,0,0,145000,0,0,145000,CASH,PAID,Kasir 1,FNB-20260802-042811-485,
97,TRX-20260802041459879-B084783D,2026-08-01,2026-08-02 03:13:38,2026-08-02 04:14:58,Ruangan 3 - VIP 3,60,135000,135000,65000,0,0,200000,TRANSFER,PAID,Kasir 1,FNB-20260802-031950-663,
98,TRX-20260802035649471-CD33942B,2026-08-01,2026-08-02 02:39:49,2026-08-02 03:56:47,Ruangan 9 - EXECUTIVE ,180,185000,555000,295000,375000,0,1225000,TRANSFER,PAID,Kasir 1,"FNB-20260802-024214-959,FNB-20260802-025002-568",
99,TRX-20260802034006006-36CA9143,2026-08-01,2026-08-02 00:42:52,2026-08-02 03:40:04,Ruangan 8 - VIP 8,180,135000,405000,315000,0,0,720000,CASH,PAID,Kasir 1,"FNB-20260802-005348-60,FNB-20260802-010235-975,FNB-20260802-014254-152",
100,TRX-20260802030222170-308FE6F9,2026-08-01,2026-08-01 23:25:43,2026-08-02 03:02:20,Ruangan 3 - VIP 3,240,135000,540000,740000,375000,0,1655000,TRANSFER,PAID,Kasir 1,"FNB-20260801-235429-177,FNB-20260802-001438-910,FNB-20260802-014517-77",
101,TRX-20260802025427953-3097F903,2026-08-01,2026-08-01 23:59:04,2026-08-02 02:54:25,Ruangan 5 - VIP 5,180,135000,405000,408000,375000,0,1188000,TRANSFER,PAID,Kasir 1,"FNB-20260802-000032-917,FNB-20260802-001646-683,FNB-20260802-005606-870,FNB-20260802-011921-454",
102,TRX-20260802023231712-D28ED163,2026-08-01,,2026-08-02 02:32:28,Ruangan 7 - VIP 7,0,0,0,190000,0,0,190000,CASH,PAID,Kasir 1,FNB-20260802-023228-936,
103,TRX-20260802021045114-59D01794,2026-08-01,2026-08-02 01:20:28,2026-08-02 02:10:44,Ruangan 6 - VIP 6,60,135000,135000,85000,125000,0,345000,CASH,PAID,Kasir 1,FNB-20260802-012118-720,
104,TRX-20260802012752961-F0FBA4B5,2026-08-01,2026-08-02 00:28:07,2026-08-02 01:27:52,Ruangan 7 - VIP 7,180,135000,0,0,1500000,405000,1500000,CASH,PAID,Kasir 1,,
105,TRX-20260802011314985-7ACC35E8,2026-08-01,2026-08-02 01:12:36,2026-08-02 01:13:14,Ruangan 4 - VIP 4,60,135000,0,0,0,135000,0,CASH,PAID,Kasir 1,,
106,TRX-20260802002113193-D843C618,2026-08-01,2026-08-01 21:13:42,2026-08-02 00:21:11,Ruangan 7 - VIP 7,180,135000,405000,973000,750000,0,2128000,CASH,PAID,Kasir 1,"FNB-20260801-213816-681,FNB-20260801-221106-2,FNB-20260801-223538-355,FNB-20260801-224923-91,FNB-20260801-230227-754,FNB-20260802-001544-656",
107,TRX-20260802001127027-D8AA90BF,2026-08-01,,2026-08-02 00:11:23,Ruangan 3 - VIP 3,0,0,0,65000,0,0,65000,CASH,PAID,Kasir 1,FNB-20260802-001123-981,
108,TRX-20260802000942457-809F9389,2026-08-01,,2026-08-02 00:09:39,Ruangan 3 - VIP 3,0,0,0,65000,0,0,65000,CASH,PAID,Kasir 1,FNB-20260802-000939-613,
109,TRX-20260802000107632-0C0F8FF0,2026-08-01,2026-08-01 21:09:34,2026-08-02 00:01:05,Ruangan 1 - VIP 1,180,135000,0,65000,750000,405000,815000,TRANSFER,PAID,Kasir 1,FNB-20260801-234802-917,
110,TRX-20260801211619124-BF1DA21A,2026-08-01,,2026-08-01 21:16:16,F&B Umum,0,0,0,80000,0,0,80000,CASH,PAID,Kasir 1,FNB-20260801-211616-306,
111,TRX-20260801205848969-9AA69FC6,2026-08-01,,2026-08-01 20:58:45,F&B Umum,0,0,0,36000,0,0,36000,CASH,PAID,Kasir 1,FNB-20260801-205845-76,
112,TRX-20260801022527753-5DD69EB4,2026-07-31,,2026-08-01 02:25:25,F&B Umum,0,0,0,265000,0,0,265000,CASH,PAID,Kasir 1,FNB-20260801-022525-640,
113,TRX-20260801021526864-9AF8BAFC,2026-07-31,,2026-08-01 02:15:24,F&B Umum,0,0,0,141000,0,0,141000,CASH,PAID,Kasir 1,FNB-20260801-021524-657,
114,TRX-20260731221255449-492A5B61,2026-07-31,,2026-07-31 22:12:50,F&B Umum,0,0,0,65000,0,0,65000,CASH,PAID,Kasir 1,FNB-20260731-221250-287,
115,TRX-20260731220743954-38F5381E,2026-07-31,,2026-07-31 22:07:41,F&B Umum,0,0,0,95000,0,0,95000,CASH,PAID,Kasir 1,FNB-20260731-220741-846,
116,TRX-20260731220430908-8678EA6B,2026-07-31,,2026-07-31 22:04:26,F&B Umum,0,0,0,60000,0,0,60000,CASH,PAID,Kasir 1,FNB-20260731-220426-975,
117,TRX-20260731220051780-B3B6EC83,2026-07-31,,2026-07-31 22:00:47,F&B Umum,0,0,0,10000,0,0,10000,CASH,PAID,Kasir 1,FNB-20260731-220047-791,
118,TRX-20260731215101277-64F93AC6,2026-07-31,2026-07-31 21:50:57,2026-08-01 00:50:57,Ruangan 5 - VIP 5,180,135000,405000,558000,1125000,0,2088000,CASH,PAID,Kasir 1,FNB-20260731-215103-912,
119,TRX-20260731212803745-A8B882FF,2026-07-31,,2026-07-31 21:28:01,F&B Umum,0,0,0,65000,0,0,65000,CASH,PAID,Kasir 1,FNB-20260731-212801-461,
120,TRX-20260731212231899-209D0943,2026-07-31,,2026-07-31 21:22:29,F&B Umum,0,0,0,65000,0,0,65000,CASH,PAID,Kasir 1,FNB-20260731-212229-831,
121,TRX-20260731211147119-CBA35B53,2026-07-31,2026-07-31 21:11:45,2026-07-31 23:11:45,Ruangan 6 - VIP 6,120,135000,270000,551000,500000,0,1321000,CASH,PAID,Kasir 1,FNB-20260731-211149-335,
122,TRX-20260731210159854-FCAA9444,2026-07-31,,2026-07-31 21:01:56,F&B Umum,0,0,0,225000,0,0,225000,CASH,PAID,Kasir 1,FNB-20260731-210156-977,
123,TRX-20260731210006883-EF1BD694,2026-07-31,,2026-07-31 21:00:02,F&B Umum,0,0,0,70000,0,0,70000,CASH,PAID,Kasir 1,FNB-20260731-210002-364,
124,TRX-20260731204827769-58AF7518,2026-07-31,,2026-07-31 20:48:24,F&B Umum,0,0,0,290000,0,0,290000,CASH,PAID,Kasir 1,FNB-20260731-204824-939,
125,TRX-20260731204626859-5AD94FD3,2026-07-31,,2026-07-31 20:46:20,F&B Umum,0,0,0,290000,0,0,290000,CASH,PAID,Kasir 1,FNB-20260731-204620-206,
126,TRX-20260731204356852-526A5E44,2026-07-31,,2026-07-31 20:43:52,F&B Umum,0,0,0,540000,0,0,540000,CASH,PAID,Kasir 1,FNB-20260731-204352-67,
127,TRX-20260731204009525-00BA6662,2026-07-31,,2026-07-31 20:40:04,F&B Umum,0,0,0,150000,0,0,150000,CASH,PAID,Kasir 1,FNB-20260731-204004-379,
128,TRX-20260731203611730-7C4C55B4,2026-07-31,,2026-07-31 20:36:07,F&B Umum,0,0,0,100000,0,0,100000,CASH,PAID,Kasir 1,FNB-20260731-203607-341,
129,TRX-20260731202529323-CA7A6B4C,2026-07-31,,2026-07-31 20:25:26,F&B Umum,0,0,0,895000,0,0,895000,CASH,PAID,Kasir 1,FNB-20260731-202526-678,
130,TRX-20260731195730246-AA91F210,2026-07-31,2026-07-31 19:57:28,2026-07-31 22:57:28,Ruangan 1 - VIP 1,180,135000,300000,120000,360000,0,780000,TRANSFER,PAID,Kasir 1,FNB-20260731-195733-673,