No,ID Order,Tgl Operasional,Waktu Pesan,Ruangan,Kode Menu,Nama Menu F&B,Kategori,Harga Satuan (Rp),Kuantitas (Qty),Subtotal (Rp),Status Order,Kasir Pemesan
1,FNB-20260813-000410-133,2026-08-13,2026-08-13 00:02:15,Ruangan 4 - VIP 4,MENU-035,Anggur Merah,Anggur,85000,2,170000,BILLED,Kasir 1
2,FNB-20260813-000410-133,2026-08-13,2026-08-13 00:02:15,Ruangan 4 - VIP 4,MENU-046,Sampoerna Menthol,Cigarette,60000,1,60000,BILLED,Kasir 1
3,FNB-20260812-235046-847,2026-08-12,2026-08-12 23:50:40,Ruangan 3 - VIP 3,MENU-043,Esse double click,Cigarette,65000,1,65000,BILLED,Kasir 1
4,FNB-20260812-235046-847,2026-08-12,2026-08-12 23:50:40,Ruangan 3 - VIP 3,MENU-096,Coca-Cola,Beverage,10000,1,10000,BILLED,Kasir 1
5,FNB-20260812-233339-402,2026-08-12,2026-08-12 23:33:32,Ruangan 3 - VIP 3,MENU-001,French Fries,Food,20000,1,20000,BILLED,Kasir 1
6,FNB-20260812-232856-451,2026-08-12,2026-08-12 23:28:53,Ruangan 4 - VIP 4,MENU-036,Intisari,Anggur,80000,1,80000,BILLED,Kasir 1
7,FNB-20260812-232856-451,2026-08-12,2026-08-12 23:28:53,Ruangan 4 - VIP 4,MENU-010,Airtis 600ml,Beverage,8000,2,16000,BILLED,Kasir 1
8,FNB-20260812-232856-451,2026-08-12,2026-08-12 23:28:53,Ruangan 4 - VIP 4,MENU-042,Esse Change,Cigarette,65000,1,65000,BILLED,Kasir 1
9,FNB-20260812-232459-665,2026-08-12,2026-08-12 23:24:53,Ruangan 4 - VIP 4,MENU-043,Esse double click,Cigarette,65000,1,65000,BILLED,Kasir 1
10,FNB-20260812-232029-387,2026-08-12,2026-08-12 23:20:25,Ruangan 4 - VIP 4,MENU-041,Pink Lady,Anggur,135000,1,135000,BILLED,Admin 1
11,FNB-20260812-221226-792,2026-08-12,2026-08-12 22:12:20,Ruangan 3 - VIP 3,MENU-041,Pink Lady,Anggur,135000,1,135000,BILLED,Admin 1
12,FNB-20260812-221226-792,2026-08-12,2026-08-12 22:12:20,Ruangan 3 - VIP 3,MENU-045,Sampoerna Mild Red,Cigarette,60000,1,60000,BILLED,Admin 1
13,FNB-20260812-005606-960,2026-08-12,2026-08-12 00:56:01,Ruangan 1 - VIP 1,MENU-033,Ice Land Vodca,Lokal,425000,1,425000,BILLED,Admin 1
14,FNB-20260812-005606-960,2026-08-12,2026-08-12 00:56:01,Ruangan 1 - VIP 1,MENU-100,Kratingdaeng,Beverage,35000,2,70000,BILLED,Admin 1
15,FNB-20260812-005606-960,2026-08-12,2026-08-12 00:56:01,Ruangan 1 - VIP 1,MENU-011,Airtis 330ml,Beverage,5000,1,5000,BILLED,Admin 1
16,FNB-20260812-005606-960,2026-08-12,2026-08-12 00:56:01,Ruangan 1 - VIP 1,MENU-043,Esse double click,Cigarette,65000,1,65000,BILLED,Admin 1
17,FNB-20260812-004451-736,2026-08-12,2026-08-12 00:44:47,Ruangan 9 - EXECUTIVE ,MENU-046,Sampoerna Menthol,Cigarette,60000,1,60000,BILLED,Admin 1
18,FNB-20260812-004451-736,2026-08-12,2026-08-12 00:44:47,Ruangan 9 - EXECUTIVE ,MENU-035,Anggur Merah,Anggur,85000,2,170000,BILLED,Admin 1
19,FNB-20260812-004451-736,2026-08-12,2026-08-12 00:44:47,Ruangan 9 - EXECUTIVE ,MENU-017,Bintang,Beer,70000,1,70000,BILLED,Admin 1
20,FNB-20260812-004235-669,2026-08-12,2026-08-12 00:42:30,Ruangan 8 - VIP 8,MENU-041,Pink Lady,Anggur,135000,2,270000,BILLED,Admin 1
21,FNB-20260812-004235-669,2026-08-12,2026-08-12 00:42:30,Ruangan 8 - VIP 8,MENU-046,Sampoerna Menthol,Cigarette,60000,1,60000,BILLED,Admin 1
22,FNB-20260812-004235-669,2026-08-12,2026-08-12 00:42:30,Ruangan 8 - VIP 8,MENU-012,Jus Alpukat,Beverage,20000,1,20000,BILLED,Admin 1
23,FNB-20260812-004110-297,2026-08-12,2026-08-12 00:41:05,Ruangan 2 - VIP 2,MENU-041,Pink Lady,Anggur,135000,1,135000,BILLED,Admin 1
24,FNB-20260812-003720-345,2026-08-12,2026-08-12 00:37:15,Ruangan 4 - VIP 4,MENU-043,Esse double click,Cigarette,65000,1,65000,BILLED,Admin 1
25,FNB-20260812-003720-345,2026-08-12,2026-08-12 00:37:15,Ruangan 4 - VIP 4,MENU-045,Sampoerna Mild Red,Cigarette,60000,1,60000,BILLED,Admin 1
26,FNB-20260812-002246-42,2026-08-12,2026-08-12 00:22:39,Ruangan 3 - VIP 3,MENU-041,Pink Lady,Anggur,135000,2,270000,BILLED,Admin 1
27,FNB-20260812-001650-970,2026-08-12,2026-08-12 00:16:43,Ruangan 7 - VIP 7,MENU-010,Airtis 600ml,Beverage,8000,2,16000,BILLED,Admin 1
28,FNB-20260812-001650-970,2026-08-12,2026-08-12 00:16:43,Ruangan 7 - VIP 7,MENU-039,Atlas Leci,Anggur,120000,1,120000,BILLED,Admin 1
29,FNB-20260812-001509-306,2026-08-12,2026-08-12 00:15:04,Ruangan 4 - VIP 4,MENU-035,Anggur Merah,Anggur,85000,5,425000,BILLED,Admin 1
30,FNB-20260812-001509-306,2026-08-12,2026-08-12 00:15:04,Ruangan 4 - VIP 4,MENU-019,Draft beer,Beer,70000,3,210000,BILLED,Admin 1
31,FNB-20260811-234347-554,2026-08-11,2026-08-11 23:43:41,Ruangan 7 - VIP 7,MENU-038,Anggur Putih,Anggur,95000,1,95000,BILLED,Admin 1
32,FNB-20260811-234347-554,2026-08-11,2026-08-11 23:43:41,Ruangan 7 - VIP 7,MENU-016,Angker,Beer,70000,1,70000,BILLED,Admin 1
33,FNB-20260811-234347-554,2026-08-11,2026-08-11 23:43:41,Ruangan 7 - VIP 7,MENU-039,Atlas Leci,Anggur,120000,1,120000,BILLED,Admin 1
34,FNB-20260811-234347-554,2026-08-11,2026-08-11 23:43:41,Ruangan 7 - VIP 7,MENU-006,Mix Snack Pletter,Food,45000,1,45000,BILLED,Admin 1
35,FNB-20260811-234347-554,2026-08-11,2026-08-11 23:43:41,Ruangan 7 - VIP 7,MENU-043,Esse double click,Cigarette,65000,2,130000,BILLED,Admin 1
36,FNB-20260811-234347-554,2026-08-11,2026-08-11 23:43:41,Ruangan 7 - VIP 7,MENU-045,Sampoerna Mild Red,Cigarette,60000,1,60000,BILLED,Admin 1
37,FNB-20260811-234021-349,2026-08-11,2026-08-11 23:40:13,Ruangan 9 - EXECUTIVE ,MENU-046,Sampoerna Menthol,Cigarette,60000,1,60000,BILLED,Admin 1
38,FNB-20260811-234021-349,2026-08-11,2026-08-11 23:40:13,Ruangan 9 - EXECUTIVE ,MENU-043,Esse double click,Cigarette,65000,1,65000,BILLED,Admin 1
39,FNB-20260811-232928-743,2026-08-11,2026-08-11 23:29:23,F&B Umum,MENU-046,Sampoerna Menthol,Cigarette,60000,1,60000,BILLED,Admin 1
40,FNB-20260811-225601-611,2026-08-11,2026-08-11 22:55:56,Ruangan 3 - VIP 3,MENU-036,Intisari,Anggur,80000,2,160000,BILLED,Admin 1
41,FNB-20260811-225601-611,2026-08-11,2026-08-11 22:55:56,Ruangan 3 - VIP 3,MENU-016,Angker,Beer,70000,1,70000,BILLED,Admin 1
42,FNB-20260811-225601-611,2026-08-11,2026-08-11 22:55:56,Ruangan 3 - VIP 3,MENU-100,Kratingdaeng,Beverage,35000,1,35000,BILLED,Admin 1
43,FNB-20260811-212531-944,2026-08-11,2026-08-11 21:25:24,Ruangan 3 - VIP 3,MENU-045,Sampoerna Mild Red,Cigarette,60000,1,60000,BILLED,Admin 1
44,FNB-20260811-212126-293,2026-08-11,2026-08-11 21:21:22,Ruangan 3 - VIP 3,MENU-102,Noblemen Whisky,Spirit,550000,1,550000,BILLED,Admin 1
45,FNB-20260811-212126-293,2026-08-11,2026-08-11 21:21:22,Ruangan 3 - VIP 3,MENU-036,Intisari,Anggur,80000,1,80000,BILLED,Admin 1
46,FNB-20260811-212126-293,2026-08-11,2026-08-11 21:21:22,Ruangan 3 - VIP 3,MENU-096,Coca-Cola,Beverage,10000,3,30000,BILLED,Admin 1
47,FNB-20260811-212126-293,2026-08-11,2026-08-11 21:21:22,Ruangan 3 - VIP 3,MENU-002,Fruit Pletter,Food,35000,1,35000,BILLED,Admin 1
48,FNB-20260811-211024-177,2026-08-11,2026-08-11 21:10:16,Ruangan 1 - VIP 1,MENU-035,Anggur Merah,Anggur,85000,2,170000,BILLED,Admin 1
49,FNB-20260811-211024-177,2026-08-11,2026-08-11 21:10:16,Ruangan 1 - VIP 1,MENU-021,Guinnes Stout,Beer,75000,1,75000,BILLED,Admin 1
50,FNB-20260811-211024-177,2026-08-11,2026-08-11 21:10:16,Ruangan 1 - VIP 1,MENU-043,Esse double click,Cigarette,65000,2,130000,BILLED,Admin 1
51,FNB-20260811-211024-177,2026-08-11,2026-08-11 21:10:16,Ruangan 1 - VIP 1,MENU-045,Sampoerna Mild Red,Cigarette,60000,1,60000,BILLED,Admin 1
52,FNB-20260811-211024-177,2026-08-11,2026-08-11 21:10:16,Ruangan 1 - VIP 1,MENU-010,Airtis 600ml,Beverage,8000,2,16000,BILLED,Admin 1
53,FNB-20260811-185539-250,2026-08-11,2026-08-11 18:55:34,F&B Umum,MENU-021,Guinnes Stout,Beer,75000,1,75000,BILLED,Admin 1
54,FNB-20260811-185539-250,2026-08-11,2026-08-11 18:55:34,F&B Umum,MENU-035,Anggur Merah,Anggur,85000,1,85000,BILLED,Admin 1
55,FNB-20260811-025359-649,2026-08-11,2026-08-11 02:53:56,Ruangan 4 - VIP 4,MENU-035,Anggur Merah,Anggur,85000,2,170000,BILLED,Admin 1
56,FNB-20260811-024830-867,2026-08-11,2026-08-11 02:48:23,Ruangan 2 - VIP 2,MENU-010,Airtis 600ml,Beverage,8000,1,8000,BILLED,Admin 1
57,FNB-20260811-024357-959,2026-08-11,2026-08-11 02:43:52,Ruangan 4 - VIP 4,MENU-022,Alben Cider,Beer,70000,2,140000,BILLED,Admin 1
58,FNB-20260811-024357-959,2026-08-11,2026-08-11 02:43:52,Ruangan 4 - VIP 4,MENU-050,Filter,Cigarette,45000,1,45000,BILLED,Admin 1
59,FNB-20260811-015820-297,2026-08-11,2026-08-11 01:58:13,Ruangan 2 - VIP 2,MENU-035,Anggur Merah,Anggur,85000,4,340000,BILLED,Admin 1
60,FNB-20260811-015329-848,2026-08-11,2026-08-11 01:53:23,Ruangan 3 - VIP 3,MENU-042,Esse Change,Cigarette,65000,1,65000,BILLED,Admin 1
61,FNB-20260811-015101-765,2026-08-11,2026-08-11 01:50:55,Ruangan 3 - VIP 3,MENU-010,Airtis 600ml,Beverage,8000,1,8000,BILLED,Admin 1
62,FNB-20260811-014258-403,2026-08-11,2026-08-11 01:42:52,Ruangan 4 - VIP 4,MENU-035,Anggur Merah,Anggur,85000,2,170000,BILLED,Admin 1
63,FNB-20260811-014258-403,2026-08-11,2026-08-11 01:42:52,Ruangan 4 - VIP 4,MENU-043,Esse double click,Cigarette,65000,1,65000,BILLED,Admin 1
64,FNB-20260811-014258-403,2026-08-11,2026-08-11 01:42:52,Ruangan 4 - VIP 4,MENU-046,Sampoerna Menthol,Cigarette,60000,1,60000,BILLED,Admin 1
65,FNB-20260811-013945-153,2026-08-11,2026-08-11 01:39:39,Ruangan 1 - VIP 1,MENU-044,Esse Juice,Cigarette,65000,1,65000,BILLED,Admin 1
66,FNB-20260811-013945-153,2026-08-11,2026-08-11 01:39:39,Ruangan 1 - VIP 1,MENU-011,Airtis 330ml,Beverage,5000,1,5000,BILLED,Admin 1
67,FNB-20260811-013403-854,2026-08-11,2026-08-11 01:33:58,Ruangan 1 - VIP 1,MENU-039,Atlas Leci,Anggur,120000,1,120000,BILLED,Admin 1
68,FNB-20260811-010624-883,2026-08-11,2026-08-11 01:06:20,Ruangan 7 - VIP 7,MENU-001,French Fries,Food,20000,1,20000,BILLED,Admin 1
69,FNB-20260811-005740-673,2026-08-11,2026-08-11 00:54:51,Ruangan 9 - EXECUTIVE ,MENU-043,Esse double click,Cigarette,65000,1,65000,BILLED,Admin 1
70,FNB-20260811-004524-966,2026-08-11,2026-08-11 00:45:19,Ruangan 9 - EXECUTIVE ,MENU-002,Fruit Pletter,Food,35000,1,35000,BILLED,Admin 1
71,FNB-20260811-004524-966,2026-08-11,2026-08-11 00:45:19,Ruangan 9 - EXECUTIVE ,MENU-010,Airtis 600ml,Beverage,8000,2,16000,BILLED,Admin 1
72,FNB-20260811-002831-123,2026-08-11,2026-08-11 00:28:26,Ruangan 7 - VIP 7,MENU-035,Anggur Merah,Anggur,85000,2,170000,BILLED,Admin 1
73,FNB-20260811-002831-123,2026-08-11,2026-08-11 00:28:26,Ruangan 7 - VIP 7,MENU-017,Bintang,Beer,70000,1,70000,BILLED,Admin 1
74,FNB-20260811-002534-678,2026-08-11,2026-08-11 00:23:55,Ruangan 7 - VIP 7,MENU-043,Esse double click,Cigarette,65000,1,65000,BILLED,Admin 1
75,FNB-20260811-002534-678,2026-08-11,2026-08-11 00:23:55,Ruangan 7 - VIP 7,MENU-045,Sampoerna Mild Red,Cigarette,60000,1,60000,BILLED,Admin 1
76,FNB-20260811-002204-668,2026-08-11,2026-08-11 00:21:58,Ruangan 7 - VIP 7,MENU-045,Sampoerna Mild Red,Cigarette,60000,1,60000,BILLED,Admin 1
77,FNB-20260811-002056-628,2026-08-11,2026-08-11 00:20:37,Ruangan 7 - VIP 7,MENU-043,Esse double click,Cigarette,65000,1,65000,BILLED,Admin 1
78,FNB-20260811-002056-628,2026-08-11,2026-08-11 00:20:37,Ruangan 7 - VIP 7,MENU-045,Sampoerna Mild Red,Cigarette,60000,1,60000,BILLED,Admin 1
79,FNB-20260811-001803-908,2026-08-11,2026-08-11 00:17:57,Ruangan 9 - EXECUTIVE ,MENU-043,Esse double click,Cigarette,65000,1,65000,BILLED,Admin 1
80,FNB-20260811-001338-610,2026-08-11,2026-08-11 00:13:31,Ruangan 5 - VIP 5,MENU-043,Esse double click,Cigarette,65000,1,65000,BILLED,Admin 1
81,FNB-20260811-001236-933,2026-08-11,2026-08-11 00:12:32,Ruangan 5 - VIP 5,MENU-045,Sampoerna Mild Red,Cigarette,60000,1,60000,BILLED,Admin 1
82,FNB-20260810-235351-196,2026-08-10,2026-08-10 23:53:43,Ruangan 7 - VIP 7,MENU-043,Esse double click,Cigarette,65000,1,65000,BILLED,Admin 1
83,FNB-20260810-234759-106,2026-08-10,2026-08-10 23:47:54,Ruangan 5 - VIP 5,MENU-045,Sampoerna Mild Red,Cigarette,60000,1,60000,BILLED,Admin 1
84,FNB-20260810-223512-427,2026-08-10,2026-08-10 22:35:07,Ruangan 9 - EXECUTIVE ,MENU-010,Airtis 600ml,Beverage,8000,1,8000,BILLED,Admin 1
85,FNB-20260810-220841-64,2026-08-10,2026-08-10 22:08:36,F&B Umum,MENU-035,Anggur Merah,Anggur,85000,1,85000,PAID,Manager 1
86,FNB-20260810-210835-411,2026-08-10,2026-08-10 21:08:30,Ruangan 9 - EXECUTIVE ,MENU-100,Kratingdaeng,Beverage,35000,2,70000,BILLED,Admin 1
87,FNB-20260810-202843-596,2026-08-10,2026-08-10 20:28:38,Ruangan 9 - EXECUTIVE ,MENU-043,Esse double click,Cigarette,65000,1,65000,BILLED,Admin 1
88,FNB-20260810-200135-669,2026-08-10,2026-08-10 20:01:31,Ruangan 6 - VIP 6,MENU-041,Pink Lady,Anggur,135000,1,135000,BILLED,Admin 1
89,FNB-20260810-200135-669,2026-08-10,2026-08-10 20:01:31,Ruangan 6 - VIP 6,MENU-045,Sampoerna Mild Red,Cigarette,60000,1,60000,BILLED,Admin 1
90,FNB-20260810-195202-305,2026-08-10,2026-08-10 19:51:57,Ruangan 9 - EXECUTIVE ,MENU-043,Esse double click,Cigarette,65000,2,130000,BILLED,Admin 1
91,FNB-20260810-193111-310,2026-08-10,2026-08-10 19:31:06,Ruangan 9 - EXECUTIVE ,MENU-033,Ice Land Vodca,Lokal,425000,1,425000,BILLED,Admin 1
92,FNB-20260810-193111-310,2026-08-10,2026-08-10 19:31:06,Ruangan 9 - EXECUTIVE ,MENU-100,Kratingdaeng,Beverage,35000,1,35000,BILLED,Admin 1
93,FNB-20260809-044720-863,2026-08-09,2026-08-09 04:47:14,Ruangan 7 - VIP 7,MENU-010,Airtis 600ml,Beverage,8000,2,16000,BILLED,Admin 1
94,FNB-20260809-044621-998,2026-08-09,2026-08-09 04:46:17,Ruangan 7 - VIP 7,MENU-043,Esse double click,Cigarette,65000,1,65000,BILLED,Admin 1
95,FNB-20260809-044010-42,2026-08-09,2026-08-09 04:40:05,Ruangan 7 - VIP 7,MENU-041,Pink Lady,Anggur,135000,2,270000,BILLED,Admin 1
96,FNB-20260809-044010-42,2026-08-09,2026-08-09 04:40:05,Ruangan 7 - VIP 7,MENU-010,Airtis 600ml,Beverage,8000,2,16000,BILLED,Admin 1
97,FNB-20260809-044010-42,2026-08-09,2026-08-09 04:40:05,Ruangan 7 - VIP 7,MENU-006,Mix Snack Pletter,Food,45000,1,45000,BILLED,Admin 1
98,FNB-20260809-034402-994,2026-08-09,2026-08-09 03:43:55,Ruangan 7 - VIP 7,MENU-010,Airtis 600ml,Beverage,8000,1,8000,BILLED,Admin 1
99,FNB-20260809-033614-28,2026-08-09,2026-08-09 03:36:09,Ruangan 3 - VIP 3,MENU-035,Anggur Merah,Anggur,85000,1,85000,BILLED,Admin 1
100,FNB-20260809-033614-28,2026-08-09,2026-08-09 03:36:09,Ruangan 3 - VIP 3,MENU-010,Airtis 600ml,Beverage,8000,1,8000,BILLED,Admin 1
101,FNB-20260809-025724-155,2026-08-09,2026-08-09 02:57:15,Ruangan 7 - VIP 7,MENU-045,Sampoerna Mild Red,Cigarette,60000,1,60000,BILLED,Admin 1
102,FNB-20260809-025420-704,2026-08-09,2026-08-09 02:54:15,Ruangan 3 - VIP 3,MENU-046,Sampoerna Menthol,Cigarette,60000,1,60000,BILLED,Admin 1
103,FNB-20260809-024212-267,2026-08-09,2026-08-09 02:42:06,Ruangan 2 - VIP 2,MENU-035,Anggur Merah,Anggur,85000,1,85000,BILLED,Admin 1
104,FNB-20260809-023909-818,2026-08-09,2026-08-09 02:39:04,Ruangan 7 - VIP 7,MENU-002,Fruit Pletter,Food,35000,1,35000,BILLED,Admin 1
105,FNB-20260809-022022-109,2026-08-09,2026-08-09 02:20:15,Ruangan 7 - VIP 7,MENU-028,JW Black Label,Blended,600000,1,600000,BILLED,Admin 1
106,FNB-20260809-014659-721,2026-08-09,2026-08-09 01:46:50,Ruangan 9 - EXECUTIVE ,MENU-042,Esse Change,Cigarette,65000,1,65000,BILLED,Admin 1
107,FNB-20260809-014545-626,2026-08-09,2026-08-09 01:45:38,Ruangan 3 - VIP 3,MENU-025,Alva,Vodca,550000,1,550000,BILLED,Admin 1
108,FNB-20260809-014545-626,2026-08-09,2026-08-09 01:45:38,Ruangan 3 - VIP 3,MENU-096,Coca-Cola,Beverage,10000,2,20000,BILLED,Admin 1
109,FNB-20260809-014545-626,2026-08-09,2026-08-09 01:45:38,Ruangan 3 - VIP 3,MENU-043,Esse double click,Cigarette,65000,1,65000,BILLED,Admin 1
110,FNB-20260809-001145-510,2026-08-09,2026-08-09 00:11:40,Ruangan 7 - VIP 7,MENU-096,Coca-Cola,Beverage,10000,10,100000,BILLED,Admin 1
111,FNB-20260809-001145-510,2026-08-09,2026-08-09 00:11:40,Ruangan 7 - VIP 7,MENU-006,Mix Snack Pletter,Food,45000,2,90000,BILLED,Admin 1
112,FNB-20260809-001145-510,2026-08-09,2026-08-09 00:11:40,Ruangan 7 - VIP 7,MENU-045,Sampoerna Mild Red,Cigarette,60000,1,60000,BILLED,Admin 1
113,FNB-20260809-001145-510,2026-08-09,2026-08-09 00:11:40,Ruangan 7 - VIP 7,MENU-043,Esse double click,Cigarette,65000,1,65000,BILLED,Admin 1
114,FNB-20260808-233246-323,2026-08-08,2026-08-08 23:32:41,Ruangan 9 - EXECUTIVE ,MENU-046,Sampoerna Menthol,Cigarette,60000,1,60000,BILLED,Admin 1
115,FNB-20260808-212018-96,2026-08-08,2026-08-08 21:20:12,Ruangan 9 - EXECUTIVE ,MENU-035,Anggur Merah,Anggur,85000,1,85000,BILLED,Admin 1
116,FNB-20260808-212018-96,2026-08-08,2026-08-08 21:20:12,Ruangan 9 - EXECUTIVE ,MENU-019,Draft beer,Beer,70000,1,70000,BILLED,Admin 1
117,FNB-20260808-212018-96,2026-08-08,2026-08-08 21:20:12,Ruangan 9 - EXECUTIVE ,MENU-043,Esse double click,Cigarette,65000,1,65000,BILLED,Admin 1
118,FNB-20260808-212018-96,2026-08-08,2026-08-08 21:20:12,Ruangan 9 - EXECUTIVE ,MENU-042,Esse Change,Cigarette,65000,1,65000,BILLED,Admin 1
119,FNB-20260808-040202-463,2026-08-08,2026-08-08 04:01:53,Ruangan 6 - VIP 6,MENU-048,Marlboro Light,Cigarette,65000,1,65000,BILLED,Admin 1
120,FNB-20260808-034200-384,2026-08-08,2026-08-08 03:41:54,Ruangan 4 - VIP 4,MENU-045,Sampoerna Mild Red,Cigarette,60000,1,60000,BILLED,Admin 1
121,FNB-20260808-033518-804,2026-08-08,2026-08-08 03:35:08,Ruangan 6 - VIP 6,MENU-043,Esse double click,Cigarette,65000,1,65000,BILLED,Admin 1
122,FNB-20260808-032842-898,2026-08-08,2026-08-08 03:28:38,Ruangan 3 - VIP 3,MENU-098,Djarum Super,Cigarette,40000,1,40000,BILLED,Admin 1
123,FNB-20260808-032842-898,2026-08-08,2026-08-08 03:28:38,Ruangan 3 - VIP 3,MENU-011,Airtis 330ml,Beverage,5000,2,10000,BILLED,Admin 1
124,FNB-20260808-023536-556,2026-08-08,2026-08-08 02:35:24,Ruangan 6 - VIP 6,MENU-010,Airtis 600ml,Beverage,8000,1,8000,BILLED,Admin 1
125,FNB-20260808-023536-556,2026-08-08,2026-08-08 02:35:24,Ruangan 6 - VIP 6,MENU-042,Esse Change,Cigarette,65000,1,65000,BILLED,Admin 1
126,FNB-20260808-015007-902,2026-08-08,2026-08-08 01:50:01,Ruangan 2 - VIP 2,MENU-017,Bintang,Beer,70000,2,140000,BILLED,Admin 1
127,FNB-20260808-015007-902,2026-08-08,2026-08-08 01:50:01,Ruangan 2 - VIP 2,MENU-010,Airtis 600ml,Beverage,8000,2,16000,BILLED,Admin 1
128,FNB-20260808-015007-902,2026-08-08,2026-08-08 01:50:01,Ruangan 2 - VIP 2,MENU-006,Mix Snack Pletter,Food,45000,1,45000,BILLED,Admin 1
129,FNB-20260808-015007-902,2026-08-08,2026-08-08 01:50:01,Ruangan 2 - VIP 2,MENU-043,Esse double click,Cigarette,65000,1,65000,BILLED,Admin 1
130,FNB-20260808-014150-318,2026-08-08,2026-08-08 01:41:45,Ruangan 6 - VIP 6,MENU-045,Sampoerna Mild Red,Cigarette,60000,1,60000,BILLED,Admin 1
131,FNB-20260808-013902-850,2026-08-08,2026-08-08 01:38:56,Ruangan 4 - VIP 4,MENU-039,Atlas Leci,Anggur,120000,1,120000,BILLED,Admin 1
132,FNB-20260808-013902-850,2026-08-08,2026-08-08 01:38:56,Ruangan 4 - VIP 4,MENU-017,Bintang,Beer,70000,1,70000,BILLED,Admin 1
133,FNB-20260808-013902-850,2026-08-08,2026-08-08 01:38:56,Ruangan 4 - VIP 4,MENU-045,Sampoerna Mild Red,Cigarette,60000,1,60000,BILLED,Admin 1
134,FNB-20260808-013902-850,2026-08-08,2026-08-08 01:38:56,Ruangan 4 - VIP 4,MENU-043,Esse double click,Cigarette,65000,1,65000,BILLED,Admin 1
135,FNB-20260808-013157-165,2026-08-08,2026-08-08 01:31:52,Ruangan 4 - VIP 4,MENU-039,Atlas Leci,Anggur,120000,1,120000,BILLED,Admin 1
136,FNB-20260808-013157-165,2026-08-08,2026-08-08 01:31:52,Ruangan 4 - VIP 4,MENU-017,Bintang,Beer,70000,1,70000,BILLED,Admin 1
137,FNB-20260808-012018-534,2026-08-08,2026-08-08 01:19:13,Ruangan 9 - EXECUTIVE ,MENU-043,Esse double click,Cigarette,65000,1,65000,BILLED,Admin 1
138,FNB-20260808-004839-395,2026-08-08,2026-08-08 00:48:32,Ruangan 4 - VIP 4,MENU-045,Sampoerna Mild Red,Cigarette,60000,1,60000,BILLED,Admin 1
139,FNB-20260808-004839-395,2026-08-08,2026-08-08 00:48:32,Ruangan 4 - VIP 4,MENU-046,Sampoerna Menthol,Cigarette,60000,1,60000,BILLED,Admin 1
140,FNB-20260808-004428-789,2026-08-08,2026-08-08 00:44:22,Ruangan 1 - VIP 1,MENU-041,Pink Lady,Anggur,135000,2,270000,BILLED,Admin 1
141,FNB-20260808-004428-789,2026-08-08,2026-08-08 00:44:22,Ruangan 1 - VIP 1,MENU-017,Bintang,Beer,70000,2,140000,BILLED,Admin 1
142,FNB-20260808-004428-789,2026-08-08,2026-08-08 00:44:22,Ruangan 1 - VIP 1,MENU-043,Esse double click,Cigarette,65000,2,130000,BILLED,Admin 1
143,FNB-20260808-004428-789,2026-08-08,2026-08-08 00:44:22,Ruangan 1 - VIP 1,MENU-045,Sampoerna Mild Red,Cigarette,60000,2,120000,BILLED,Admin 1
144,FNB-20260808-004428-789,2026-08-08,2026-08-08 00:44:22,Ruangan 1 - VIP 1,MENU-046,Sampoerna Menthol,Cigarette,60000,1,60000,BILLED,Admin 1
145,FNB-20260808-004428-789,2026-08-08,2026-08-08 00:44:22,Ruangan 1 - VIP 1,MENU-010,Airtis 600ml,Beverage,8000,2,16000,BILLED,Admin 1
146,FNB-20260808-004428-789,2026-08-08,2026-08-08 00:44:22,Ruangan 1 - VIP 1,MENU-006,Mix Snack Pletter,Food,45000,1,45000,BILLED,Admin 1
147,FNB-20260808-001320-503,2026-08-08,2026-08-08 00:13:10,Ruangan 3 - VIP 3,MENU-035,Anggur Merah,Anggur,85000,2,170000,BILLED,Admin 1
148,FNB-20260808-001320-503,2026-08-08,2026-08-08 00:13:10,Ruangan 3 - VIP 3,MENU-010,Airtis 600ml,Beverage,8000,1,8000,BILLED,Admin 1
149,FNB-20260808-001320-503,2026-08-08,2026-08-08 00:13:10,Ruangan 3 - VIP 3,MENU-045,Sampoerna Mild Red,Cigarette,60000,1,60000,BILLED,Admin 1
150,FNB-20260808-000959-672,2026-08-08,2026-08-08 00:09:51,Ruangan 4 - VIP 4,MENU-051,Magnum Filter,Cigarette,45000,1,45000,BILLED,Admin 1
151,FNB-20260808-000959-672,2026-08-08,2026-08-08 00:09:51,Ruangan 4 - VIP 4,MENU-035,Anggur Merah,Anggur,85000,1,85000,BILLED,Admin 1
152,FNB-20260808-000059-97,2026-08-08,2026-08-08 00:00:53,Ruangan 9 - EXECUTIVE ,MENU-039,Atlas Leci,Anggur,120000,2,240000,BILLED,Admin 1
153,FNB-20260807-234520-784,2026-08-07,2026-08-07 23:45:17,Ruangan 4 - VIP 4,MENU-043,Esse double click,Cigarette,65000,1,65000,BILLED,Admin 1
154,FNB-20260807-224616-361,2026-08-07,2026-08-07 22:46:11,Ruangan 9 - EXECUTIVE ,MENU-039,Atlas Leci,Anggur,120000,3,360000,BILLED,Kasir 1
155,FNB-20260807-224616-361,2026-08-07,2026-08-07 22:46:11,Ruangan 9 - EXECUTIVE ,MENU-010,Airtis 600ml,Beverage,8000,2,16000,BILLED,Kasir 1
156,FNB-20260807-224616-361,2026-08-07,2026-08-07 22:46:11,Ruangan 9 - EXECUTIVE ,MENU-001,French Fries,Food,20000,1,20000,BILLED,Kasir 1
157,FNB-20260807-224616-361,2026-08-07,2026-08-07 22:46:11,Ruangan 9 - EXECUTIVE ,MENU-043,Esse double click,Cigarette,65000,2,130000,BILLED,Kasir 1
158,FNB-20260807-224616-361,2026-08-07,2026-08-07 22:46:11,Ruangan 9 - EXECUTIVE ,MENU-045,Sampoerna Mild Red,Cigarette,60000,1,60000,BILLED,Kasir 1
159,FNB-20260807-222255-52,2026-08-07,2026-08-07 22:22:48,Ruangan 4 - VIP 4,MENU-035,Anggur Merah,Anggur,85000,1,85000,BILLED,Kasir 1
160,FNB-20260807-222203-761,2026-08-07,2026-08-07 22:21:57,Ruangan 4 - VIP 4,MENU-042,Esse Change,Cigarette,65000,1,65000,BILLED,Kasir 1
161,FNB-20260807-214924-453,2026-08-07,2026-08-07 21:49:18,Ruangan 4 - VIP 4,MENU-035,Anggur Merah,Anggur,85000,2,170000,BILLED,Kasir 1
162,FNB-20260807-214924-453,2026-08-07,2026-08-07 21:49:18,Ruangan 4 - VIP 4,MENU-043,Esse double click,Cigarette,65000,2,130000,BILLED,Kasir 1
163,FNB-20260807-214924-453,2026-08-07,2026-08-07 21:49:18,Ruangan 4 - VIP 4,MENU-019,Draft beer,Beer,70000,1,70000,BILLED,Kasir 1
164,FNB-20260807-214637-754,2026-08-07,2026-08-07 21:46:31,Ruangan 7 - VIP 7,MENU-046,Sampoerna Menthol,Cigarette,60000,1,60000,BILLED,Kasir 1
165,FNB-20260807-214255-690,2026-08-07,2026-08-07 21:42:51,F&B Umum,MENU-019,Draft beer,Beer,70000,2,140000,BILLED,Kasir 1
166,FNB-20260807-214255-690,2026-08-07,2026-08-07 21:42:51,F&B Umum,MENU-017,Bintang,Beer,70000,1,70000,BILLED,Kasir 1
167,FNB-20260807-214255-690,2026-08-07,2026-08-07 21:42:51,F&B Umum,MENU-022,Alben Cider,Beer,70000,2,140000,BILLED,Kasir 1
168,FNB-20260807-213805-974,2026-08-07,2026-08-07 21:37:59,Ruangan 8 - VIP 8,MENU-039,Atlas Leci,Anggur,120000,1,120000,BILLED,Kasir 1
169,FNB-20260807-213805-974,2026-08-07,2026-08-07 21:37:59,Ruangan 8 - VIP 8,MENU-045,Sampoerna Mild Red,Cigarette,60000,1,60000,BILLED,Kasir 1
170,FNB-20260807-213535-50,2026-08-07,2026-08-07 21:35:26,Ruangan 4 - VIP 4,MENU-101,Avolution Merah,Cigarette,65000,1,65000,BILLED,Kasir 1
171,FNB-20260807-211906-459,2026-08-07,2026-08-07 21:18:58,Ruangan 4 - VIP 4,MENU-101,Avolution Merah,Cigarette,65000,1,65000,BILLED,Kasir 1
172,FNB-20260807-205524-982,2026-08-07,2026-08-07 20:51:28,Ruangan 7 - VIP 7,MENU-001,French Fries,Food,20000,1,20000,BILLED,Kasir 1
173,FNB-20260807-204133-599,2026-08-07,2026-08-07 20:41:26,Ruangan 7 - VIP 7,MENU-032,Captain Morgan,Lokal,500000,1,500000,BILLED,Kasir 1
174,FNB-20260807-204133-599,2026-08-07,2026-08-07 20:41:26,Ruangan 7 - VIP 7,MENU-096,Coca-Cola,Beverage,10000,2,20000,BILLED,Kasir 1
175,FNB-20260807-193341-622,2026-08-07,2026-08-07 19:33:36,Ruangan 7 - VIP 7,MENU-008,Es teh manis,Beverage,10000,1,10000,BILLED,Kasir 1
176,FNB-20260807-193341-622,2026-08-07,2026-08-07 19:33:36,Ruangan 7 - VIP 7,MENU-043,Esse double click,Cigarette,65000,1,65000,BILLED,Kasir 1
177,FNB-20260807-193341-622,2026-08-07,2026-08-07 19:33:36,Ruangan 7 - VIP 7,MENU-042,Esse Change,Cigarette,65000,1,65000,BILLED,Kasir 1
178,FNB-20260807-193341-622,2026-08-07,2026-08-07 19:33:36,Ruangan 7 - VIP 7,MENU-046,Sampoerna Menthol,Cigarette,60000,1,60000,BILLED,Kasir 1
179,FNB-20260807-062051-828,2026-08-07,2026-08-07 06:20:45,Ruangan 7 - VIP 7,MENU-039,Atlas Leci,Anggur,120000,2,240000,BILLED,Manager 1
180,FNB-20260807-062051-828,2026-08-07,2026-08-07 06:20:45,Ruangan 7 - VIP 7,MENU-006,Mix Snack Pletter,Food,45000,1,45000,BILLED,Manager 1
181,FNB-20260807-062051-828,2026-08-07,2026-08-07 06:20:45,Ruangan 7 - VIP 7,MENU-009,Es teh manis pitcher,Beverage,15000,1,15000,BILLED,Manager 1
182,FNB-20260807-030929-961,2026-08-07,2026-08-07 03:09:29,Ruangan 1 - VIP 1,MENU-010,Airtis 600ml,Beverage,8000,1,8000,BILLED,Kasir 1
183,FNB-20260807-020049-554,2026-08-07,2026-08-07 02:00:49,Ruangan 1 - VIP 1,MENU-035,Anggur Merah,Anggur,85000,1,85000,BILLED,Kasir 1
184,FNB-20260807-020049-554,2026-08-07,2026-08-07 02:00:49,Ruangan 1 - VIP 1,MENU-017,Bintang,Beer,70000,1,70000,BILLED,Kasir 1
185,FNB-20260807-004432-297,2026-08-07,2026-08-07 00:44:32,Ruangan 1 - VIP 1,MENU-043,Esse double click,Cigarette,65000,1,65000,BILLED,Admin 1
186,FNB-20260807-002759-423,2026-08-07,2026-08-07 00:27:59,Ruangan 1 - VIP 1,MENU-040,Abidin,Anggur,145000,1,145000,BILLED,Admin 1
187,FNB-20260806-222625-923,2026-08-06,2026-08-06 22:26:25,Ruangan 1 - VIP 1,MENU-043,Esse double click,Cigarette,65000,1,65000,BILLED,Admin 1
188,FNB-20260806-215653-380,2026-08-06,2026-08-06 21:56:53,Ruangan 1 - VIP 1,MENU-035,Anggur Merah,Anggur,85000,1,85000,BILLED,Admin 1
189,FNB-20260806-215653-380,2026-08-06,2026-08-06 21:56:53,Ruangan 1 - VIP 1,MENU-006,Mix Snack Pletter,Food,45000,1,45000,BILLED,Admin 1
190,FNB-20260806-213052-8,2026-08-06,2026-08-06 21:30:52,Ruangan 1 - VIP 1,MENU-035,Anggur Merah,Anggur,85000,1,85000,BILLED,Admin 1
191,FNB-20260806-213015-834,2026-08-06,2026-08-06 21:30:15,Ruangan 1 - VIP 1,MENU-021,Guinnes Stout,Beer,75000,1,75000,BILLED,Admin 1
192,FNB-20260806-212221-97,2026-08-06,2026-08-06 21:22:21,Ruangan 1 - VIP 1,MENU-021,Guinnes Stout,Beer,75000,1,75000,BILLED,Admin 1
193,FNB-20260806-205436-231,2026-08-06,2026-08-06 20:54:36,Ruangan 1 - VIP 1,MENU-045,Sampoerna Mild Red,Cigarette,60000,1,60000,BILLED,Admin 1
194,FNB-20260806-205436-231,2026-08-06,2026-08-06 20:54:36,Ruangan 1 - VIP 1,MENU-017,Bintang,Beer,70000,1,70000,BILLED,Admin 1
195,FNB-MANUAL-20260806-0610-ROOM009,2026-08-06,2026-08-06 08:10:00,Ruangan 9 - EXECUTIVE,MENU-035,Anggur Merah,Anggur,85000,4,340000,PAID,Alfin
196,FNB-MANUAL-20260806-0610-ROOM009,2026-08-06,2026-08-06 08:10:00,Ruangan 9 - EXECUTIVE,MENU-023,Hennesy Vsop,Cognac,1500000,1,1500000,PAID,Alfin
197,FNB-MANUAL-20260806-0610-ROOM009,2026-08-06,2026-08-06 08:10:00,Ruangan 9 - EXECUTIVE,MENU-011,Airtis 330ml,Beverage,5000,5,25000,PAID,Alfin
198,FNB-MANUAL-20260806-0610-ROOM009,2026-08-06,2026-08-06 08:10:00,Ruangan 9 - EXECUTIVE,MENU-046,Sampoerna Menthol,Cigarette,60000,2,120000,PAID,Alfin
199,FNB-20260807-135359-949,2026-08-06,2026-08-06 04:40:00,Ruangan 7 - VIP 7,MENU-039,Atlas Leci,Anggur,120000,2,240000,BILLED,nindy
200,FNB-20260807-150120-76,2026-08-06,2026-08-06 04:35:00,F&B Umum - yeni,MENU-042,Esse Change,Cigarette,65000,1,65000,BILLED,nindy
201,FNB-20260806-011046-843,2026-08-06,2026-08-06 01:10:46,Ruangan 4 - VIP 4,MENU-010,Airtis 600ml,Beverage,8000,1,8000,BILLED,Kasir 1
202,FNB-20260806-005507-37,2026-08-06,2026-08-06 00:55:07,Ruangan 4 - VIP 4,MENU-035,Anggur Merah,Anggur,85000,1,85000,BILLED,Kasir 1
203,FNB-20260806-004008-307,2026-08-06,2026-08-06 00:40:08,Ruangan 1 - VIP 1,MENU-035,Anggur Merah,Anggur,85000,1,85000,BILLED,Kasir 1
204,FNB-20260806-003520-479,2026-08-06,2026-08-06 00:35:20,Ruangan 4 - VIP 4,MENU-017,Bintang,Beer,70000,1,70000,BILLED,Kasir 1
205,FNB-20260806-001523-942,2026-08-06,2026-08-06 00:15:23,Ruangan 4 - VIP 4,MENU-038,Anggur Putih,Anggur,95000,1,95000,BILLED,Kasir 1
206,FNB-20260806-001403-701,2026-08-06,2026-08-06 00:14:03,Ruangan 4 - VIP 4,MENU-038,Anggur Putih,Anggur,95000,1,95000,BILLED,Kasir 1
207,FNB-20260806-000029-269,2026-08-06,2026-08-06 00:00:29,Ruangan 2 - VIP 2,MENU-039,Atlas Leci,Anggur,120000,2,240000,BILLED,Kasir 1
208,FNB-20260806-000029-269,2026-08-06,2026-08-06 00:00:29,Ruangan 2 - VIP 2,MENU-002,Fruit Pletter,Food,35000,1,35000,BILLED,Kasir 1
209,FNB-20260806-000029-269,2026-08-06,2026-08-06 00:00:29,Ruangan 2 - VIP 2,MENU-010,Airtis 600ml,Beverage,8000,2,16000,BILLED,Kasir 1
210,FNB-20260806-000029-269,2026-08-06,2026-08-06 00:00:29,Ruangan 2 - VIP 2,MENU-045,Sampoerna Mild Red,Cigarette,60000,1,60000,BILLED,Kasir 1
211,FNB-20260806-000029-269,2026-08-06,2026-08-06 00:00:29,Ruangan 2 - VIP 2,MENU-042,Esse Change,Cigarette,65000,1,65000,BILLED,Kasir 1
212,FNB-20260805-225752-531,2026-08-05,2026-08-05 22:57:51,Ruangan 4 - VIP 4,MENU-035,Anggur Merah,Anggur,85000,1,85000,BILLED,Kasir 1
213,FNB-20260805-225114-852,2026-08-05,2026-08-05 22:51:14,F&B Umum,MENU-036,Intisari,Anggur,80000,1,80000,BILLED,Kasir 1
214,FNB-20260805-223937-762,2026-08-05,2026-08-05 22:39:37,Ruangan 1 - VIP 1,MENU-046,Sampoerna Menthol,Cigarette,60000,1,60000,BILLED,Kasir 1
215,FNB-20260805-222054-855,2026-08-05,2026-08-05 22:20:54,Ruangan 5 - VIP 5,MENU-010,Airtis 600ml,Beverage,8000,1,8000,BILLED,Kasir 1
216,FNB-20260805-222054-855,2026-08-05,2026-08-05 22:20:54,Ruangan 5 - VIP 5,MENU-046,Sampoerna Menthol,Cigarette,60000,1,60000,BILLED,Kasir 1
217,FNB-20260805-222054-855,2026-08-05,2026-08-05 22:20:54,Ruangan 5 - VIP 5,MENU-035,Anggur Merah,Anggur,85000,1,85000,BILLED,Kasir 1
218,FNB-20260805-222054-855,2026-08-05,2026-08-05 22:20:54,Ruangan 5 - VIP 5,MENU-017,Bintang,Beer,70000,1,70000,BILLED,Kasir 1
219,FNB-20260805-221539-750,2026-08-05,2026-08-05 22:15:39,Ruangan 1 - VIP 1,MENU-035,Anggur Merah,Anggur,85000,2,170000,BILLED,Kasir 1
220,FNB-20260805-221408-565,2026-08-05,2026-08-05 22:14:08,Ruangan 1 - VIP 1,MENU-045,Sampoerna Mild Red,Cigarette,60000,1,60000,BILLED,Kasir 1
221,FNB-20260805-220534-782,2026-08-05,2026-08-05 22:05:34,Ruangan 4 - VIP 4,MENU-045,Sampoerna Mild Red,Cigarette,60000,1,60000,BILLED,Kasir 1
222,FNB-20260805-214647-77,2026-08-05,2026-08-05 21:46:47,Ruangan 4 - VIP 4,MENU-033,Ice Land Vodca,Lokal,425000,1,425000,BILLED,Kasir 1
223,FNB-20260805-214647-77,2026-08-05,2026-08-05 21:46:47,Ruangan 4 - VIP 4,MENU-099,Sprite,Beverage,10000,2,20000,BILLED,Kasir 1
224,FNB-20260805-214647-77,2026-08-05,2026-08-05 21:46:47,Ruangan 4 - VIP 4,MENU-045,Sampoerna Mild Red,Cigarette,60000,1,60000,BILLED,Kasir 1
225,FNB-20260805-214647-77,2026-08-05,2026-08-05 21:46:47,Ruangan 4 - VIP 4,MENU-001,French Fries,Food,20000,2,40000,BILLED,Kasir 1
226,FNB-20260805-214647-77,2026-08-05,2026-08-05 21:46:47,Ruangan 4 - VIP 4,MENU-038,Anggur Putih,Anggur,95000,2,190000,BILLED,Kasir 1
227,FNB-20260805-214647-77,2026-08-05,2026-08-05 21:46:47,Ruangan 4 - VIP 4,MENU-044,Esse Juice,Cigarette,65000,1,65000,BILLED,Kasir 1
228,FNB-20260805-214647-77,2026-08-05,2026-08-05 21:46:47,Ruangan 4 - VIP 4,MENU-042,Esse Change,Cigarette,65000,1,65000,BILLED,Kasir 1
229,FNB-20260805-214647-77,2026-08-05,2026-08-05 21:46:47,Ruangan 4 - VIP 4,MENU-010,Airtis 600ml,Beverage,8000,2,16000,BILLED,Kasir 1
230,FNB-20260805-214647-77,2026-08-05,2026-08-05 21:46:47,Ruangan 4 - VIP 4,MENU-046,Sampoerna Menthol,Cigarette,60000,1,60000,BILLED,Kasir 1
231,FNB-20260805-213041-343,2026-08-05,2026-08-05 21:30:41,Ruangan 1 - VIP 1,MENU-035,Anggur Merah,Anggur,85000,2,170000,BILLED,Admin 1
232,FNB-20260805-213041-343,2026-08-05,2026-08-05 21:30:41,Ruangan 1 - VIP 1,MENU-101,Avolution Merah,Cigarette,65000,1,65000,BILLED,Admin 1
233,FNB-20260805-204759-582,2026-08-05,2026-08-05 20:47:59,Ruangan 3 - VIP 3,MENU-050,Filter,Cigarette,45000,1,45000,BILLED,Admin 1
234,FNB-20260805-201003-788,2026-08-05,2026-08-05 20:10:03,Ruangan 3 - VIP 3,MENU-039,Atlas Leci,Anggur,120000,2,240000,BILLED,Kasir 1
235,FNB-20260805-201003-788,2026-08-05,2026-08-05 20:10:03,Ruangan 3 - VIP 3,MENU-036,Intisari,Anggur,80000,1,80000,BILLED,Kasir 1
236,FNB-20260805-201003-788,2026-08-05,2026-08-05 20:10:03,Ruangan 3 - VIP 3,MENU-010,Airtis 600ml,Beverage,8000,1,8000,BILLED,Kasir 1
237,FNB-20260805-201003-788,2026-08-05,2026-08-05 20:10:03,Ruangan 3 - VIP 3,MENU-045,Sampoerna Mild Red,Cigarette,60000,1,60000,BILLED,Kasir 1
238,FNB-20260805-201003-788,2026-08-05,2026-08-05 20:10:03,Ruangan 3 - VIP 3,MENU-001,French Fries,Food,20000,1,20000,BILLED,Kasir 1
239,FNB-20260805-201003-788,2026-08-05,2026-08-05 20:10:03,Ruangan 3 - VIP 3,MENU-044,Esse Juice,Cigarette,65000,1,65000,BILLED,Kasir 1
240,FNB-MANUAL-20260805-0400-ROOM005,2026-08-05,2026-08-05 06:00:00,Ruangan 5 - VIP 5,MENU-035,Anggur Merah,Anggur,85000,1,85000,PAID,Alfin
241,FNB-MANUAL-20260805-0400-ROOM005,2026-08-05,2026-08-05 06:00:00,Ruangan 5 - VIP 5,MENU-036,Intisari,Anggur,80000,1,80000,PAID,Alfin
242,FNB-20260805-044052-482,2026-08-05,2026-08-05 04:40:52,Ruangan 2 - VIP 2,MENU-017,Bintang,Beer,70000,1,70000,BILLED,Admin 1
243,FNB-20260805-044052-482,2026-08-05,2026-08-05 04:40:52,Ruangan 2 - VIP 2,MENU-005,Sosis,Food,25000,1,25000,BILLED,Admin 1
244,FNB-20260805-044052-482,2026-08-05,2026-08-05 04:40:52,Ruangan 2 - VIP 2,MENU-014,Jus Melon,Beverage,20000,1,20000,BILLED,Admin 1
245,FNB-20260805-043151-862,2026-08-05,2026-08-05 04:31:51,F&B Umum,MENU-043,Esse double click,Cigarette,65000,1,65000,BILLED,Admin 1
246,FNB-20260805-043151-862,2026-08-05,2026-08-05 04:31:51,F&B Umum,MENU-046,Sampoerna Menthol,Cigarette,60000,1,60000,BILLED,Admin 1
247,FNB-20260805-043151-862,2026-08-05,2026-08-05 04:31:51,F&B Umum,MENU-035,Anggur Merah,Anggur,85000,3,255000,BILLED,Admin 1
248,FNB-20260805-043151-862,2026-08-05,2026-08-05 04:31:51,F&B Umum,MENU-039,Atlas Leci,Anggur,120000,1,120000,BILLED,Admin 1
249,FNB-20260805-043151-862,2026-08-05,2026-08-05 04:31:51,F&B Umum,MENU-010,Airtis 600ml,Beverage,8000,1,8000,BILLED,Admin 1
250,FNB-20260805-030715-147,2026-08-05,2026-08-05 03:07:15,Ruangan 6 - VIP 6,MENU-010,Airtis 600ml,Beverage,8000,1,8000,BILLED,Admin 1
251,FNB-20260805-030501-37,2026-08-05,2026-08-05 03:05:01,Ruangan 5 - VIP 5,MENU-035,Anggur Merah,Anggur,85000,1,85000,BILLED,Admin 1
252,FNB-20260805-030501-37,2026-08-05,2026-08-05 03:05:01,Ruangan 5 - VIP 5,MENU-045,Sampoerna Mild Red,Cigarette,60000,1,60000,BILLED,Admin 1
253,FNB-20260805-030410-463,2026-08-05,2026-08-05 03:04:10,Ruangan 6 - VIP 6,MENU-035,Anggur Merah,Anggur,85000,1,85000,BILLED,Admin 1
254,FNB-20260805-023643-347,2026-08-05,2026-08-05 02:36:43,Ruangan 6 - VIP 6,MENU-043,Esse double click,Cigarette,65000,2,130000,BILLED,Admin 1
255,FNB-20260805-022058-77,2026-08-05,2026-08-05 02:20:58,Ruangan 2 - VIP 2,MENU-021,Guinnes Stout,Beer,75000,1,75000,BILLED,Admin 1
256,FNB-20260805-021940-811,2026-08-05,2026-08-05 02:19:40,Ruangan 6 - VIP 6,MENU-017,Bintang,Beer,70000,2,140000,BILLED,Admin 1
257,FNB-20260805-021940-811,2026-08-05,2026-08-05 02:19:40,Ruangan 6 - VIP 6,MENU-021,Guinnes Stout,Beer,75000,2,150000,BILLED,Admin 1
258,FNB-20260805-020115-978,2026-08-05,2026-08-05 02:01:15,Ruangan 9 - EXECUTIVE ,MENU-046,Sampoerna Menthol,Cigarette,60000,2,120000,BILLED,Admin 1
259,FNB-20260805-014400-553,2026-08-05,2026-08-05 01:44:00,Ruangan 7 - VIP 7,MENU-010,Airtis 600ml,Beverage,8000,2,16000,BILLED,Admin 1
260,FNB-20260805-014312-347,2026-08-05,2026-08-05 01:43:12,Ruangan 7 - VIP 7,MENU-010,Airtis 600ml,Beverage,8000,2,16000,BILLED,Admin 1
261,FNB-20260805-013740-394,2026-08-05,2026-08-05 01:37:40,Ruangan 4 - VIP 4,MENU-010,Airtis 600ml,Beverage,8000,1,8000,BILLED,Admin 1
262,FNB-20260805-013052-685,2026-08-05,2026-08-05 01:30:52,Ruangan 8 - VIP 8,MENU-032,Captain Morgan,Lokal,500000,1,500000,BILLED,Admin 1
263,FNB-20260805-013052-685,2026-08-05,2026-08-05 01:30:52,Ruangan 8 - VIP 8,MENU-043,Esse double click,Cigarette,65000,1,65000,BILLED,Admin 1
264,FNB-20260805-013052-685,2026-08-05,2026-08-05 01:30:52,Ruangan 8 - VIP 8,MENU-046,Sampoerna Menthol,Cigarette,60000,1,60000,BILLED,Admin 1
265,FNB-20260805-013052-685,2026-08-05,2026-08-05 01:30:52,Ruangan 8 - VIP 8,MENU-042,Esse Change,Cigarette,65000,1,65000,BILLED,Admin 1
266,FNB-20260805-012750-347,2026-08-05,2026-08-05 01:27:50,Ruangan 4 - VIP 4,MENU-043,Esse double click,Cigarette,65000,1,65000,BILLED,Admin 1
267,FNB-20260805-012750-347,2026-08-05,2026-08-05 01:27:50,Ruangan 4 - VIP 4,MENU-017,Bintang,Beer,70000,1,70000,BILLED,Admin 1
268,FNB-20260805-012008-57,2026-08-05,2026-08-05 01:20:08,Ruangan 2 - VIP 2,MENU-100,Kratingdaeng,Beverage,35000,5,175000,BILLED,Manager 1
269,FNB-20260805-012008-57,2026-08-05,2026-08-05 01:20:08,Ruangan 2 - VIP 2,MENU-010,Airtis 600ml,Beverage,8000,10,80000,BILLED,Manager 1
270,FNB-20260805-012008-57,2026-08-05,2026-08-05 01:20:08,Ruangan 2 - VIP 2,MENU-002,Fruit Pletter,Food,35000,1,35000,BILLED,Manager 1
271,FNB-20260805-012008-57,2026-08-05,2026-08-05 01:20:08,Ruangan 2 - VIP 2,MENU-006,Mix Snack Pletter,Food,45000,1,45000,BILLED,Manager 1
272,FNB-20260805-012008-57,2026-08-05,2026-08-05 01:20:08,Ruangan 2 - VIP 2,MENU-051,Magnum Filter,Cigarette,45000,1,45000,BILLED,Manager 1
273,FNB-20260805-012008-57,2026-08-05,2026-08-05 01:20:08,Ruangan 2 - VIP 2,MENU-043,Esse double click,Cigarette,65000,1,65000,BILLED,Manager 1
274,FNB-20260805-012008-57,2026-08-05,2026-08-05 01:20:08,Ruangan 2 - VIP 2,MENU-042,Esse Change,Cigarette,65000,1,65000,BILLED,Manager 1
275,FNB-20260805-011200-454,2026-08-05,2026-08-05 01:12:00,Ruangan 7 - VIP 7,MENU-012,Jus Alpukat,Beverage,20000,2,40000,BILLED,Admin 1
276,FNB-20260805-011200-454,2026-08-05,2026-08-05 01:12:00,Ruangan 7 - VIP 7,MENU-001,French Fries,Food,20000,1,20000,BILLED,Admin 1
277,FNB-20260805-011200-454,2026-08-05,2026-08-05 01:12:00,Ruangan 7 - VIP 7,MENU-006,Mix Snack Pletter,Food,45000,1,45000,BILLED,Admin 1
278,FNB-20260805-011028-250,2026-08-05,2026-08-05 01:10:28,Ruangan 7 - VIP 7,MENU-012,Jus Alpukat,Beverage,20000,2,40000,BILLED,Admin 1
279,FNB-20260805-011028-250,2026-08-05,2026-08-05 01:10:28,Ruangan 7 - VIP 7,MENU-001,French Fries,Food,20000,1,20000,BILLED,Admin 1
280,FNB-20260805-011028-250,2026-08-05,2026-08-05 01:10:28,Ruangan 7 - VIP 7,MENU-006,Mix Snack Pletter,Food,45000,1,45000,BILLED,Admin 1
281,FNB-20260805-010307-547,2026-08-05,2026-08-05 01:03:07,F&B Umum,MENU-017,Bintang,Beer,70000,1,70000,PAID,Admin 1
282,FNB-20260805-005706-510,2026-08-05,2026-08-05 00:57:06,Ruangan 8 - VIP 8,MENU-043,Esse double click,Cigarette,65000,1,65000,BILLED,Admin 1
283,FNB-20260805-005513-209,2026-08-05,2026-08-05 00:55:13,Ruangan 8 - VIP 8,MENU-043,Esse double click,Cigarette,65000,1,65000,BILLED,Admin 1
284,FNB-20260805-004935-6,2026-08-05,2026-08-05 00:49:35,Ruangan 8 - VIP 8,MENU-010,Airtis 600ml,Beverage,8000,4,32000,BILLED,Kasir 1
285,FNB-20260805-004935-6,2026-08-05,2026-08-05 00:49:35,Ruangan 8 - VIP 8,MENU-002,Fruit Pletter,Food,35000,1,35000,BILLED,Kasir 1
286,FNB-20260805-004935-6,2026-08-05,2026-08-05 00:49:35,Ruangan 8 - VIP 8,MENU-096,Coca-Cola,Beverage,10000,2,20000,BILLED,Kasir 1
287,FNB-20260805-004935-6,2026-08-05,2026-08-05 00:49:35,Ruangan 8 - VIP 8,MENU-043,Esse double click,Cigarette,65000,1,65000,BILLED,Kasir 1
288,FNB-20260805-004935-6,2026-08-05,2026-08-05 00:49:35,Ruangan 8 - VIP 8,MENU-046,Sampoerna Menthol,Cigarette,60000,1,60000,BILLED,Kasir 1
289,FNB-20260805-003556-901,2026-08-05,2026-08-05 00:35:56,Ruangan 4 - VIP 4,MENU-006,Mix Snack Pletter,Food,45000,1,45000,BILLED,Admin 1
290,FNB-20260805-003556-901,2026-08-05,2026-08-05 00:35:56,Ruangan 4 - VIP 4,MENU-036,Intisari,Anggur,80000,2,160000,BILLED,Admin 1
291,FNB-20260805-003556-901,2026-08-05,2026-08-05 00:35:56,Ruangan 4 - VIP 4,MENU-045,Sampoerna Mild Red,Cigarette,60000,1,60000,BILLED,Admin 1
292,FNB-20260805-003556-901,2026-08-05,2026-08-05 00:35:56,Ruangan 4 - VIP 4,MENU-017,Bintang,Beer,70000,1,70000,BILLED,Admin 1
293,FNB-20260805-003556-901,2026-08-05,2026-08-05 00:35:56,Ruangan 4 - VIP 4,MENU-043,Esse double click,Cigarette,65000,1,65000,BILLED,Admin 1
294,FNB-20260804-235124-925,2026-08-04,2026-08-04 23:51:24,Ruangan 5 - VIP 5,MENU-010,Airtis 600ml,Beverage,8000,1,8000,BILLED,Admin 1
295,FNB-20260804-233708-441,2026-08-04,2026-08-04 23:37:08,Ruangan 9 - EXECUTIVE ,MENU-043,Esse double click,Cigarette,65000,1,65000,BILLED,Kasir 1
296,FNB-20260804-233708-441,2026-08-04,2026-08-04 23:37:08,Ruangan 9 - EXECUTIVE ,MENU-046,Sampoerna Menthol,Cigarette,60000,1,60000,BILLED,Kasir 1
297,FNB-20260804-233700-325,2026-08-04,2026-08-04 23:37:00,Ruangan 5 - VIP 5,MENU-035,Anggur Merah,Anggur,85000,2,170000,BILLED,Kasir 1
298,FNB-20260804-233700-325,2026-08-04,2026-08-04 23:37:00,Ruangan 5 - VIP 5,MENU-039,Atlas Leci,Anggur,120000,2,240000,BILLED,Kasir 1
299,FNB-20260804-233700-325,2026-08-04,2026-08-04 23:37:00,Ruangan 5 - VIP 5,MENU-001,French Fries,Food,20000,1,20000,BILLED,Kasir 1
300,FNB-20260804-233700-325,2026-08-04,2026-08-04 23:37:00,Ruangan 5 - VIP 5,MENU-002,Fruit Pletter,Food,35000,1,35000,BILLED,Kasir 1
301,FNB-20260804-233700-325,2026-08-04,2026-08-04 23:37:00,Ruangan 5 - VIP 5,MENU-010,Airtis 600ml,Beverage,8000,1,8000,BILLED,Kasir 1
302,FNB-20260804-233700-325,2026-08-04,2026-08-04 23:37:00,Ruangan 5 - VIP 5,MENU-045,Sampoerna Mild Red,Cigarette,60000,1,60000,BILLED,Kasir 1
303,FNB-20260804-233700-325,2026-08-04,2026-08-04 23:37:00,Ruangan 5 - VIP 5,MENU-043,Esse double click,Cigarette,65000,1,65000,BILLED,Kasir 1
304,FNB-20260804-233654-890,2026-08-04,2026-08-04 23:36:54,Ruangan 3 - VIP 3,MENU-032,Captain Morgan,Lokal,500000,1,500000,BILLED,Kasir 1
305,FNB-20260804-233654-890,2026-08-04,2026-08-04 23:36:54,Ruangan 3 - VIP 3,MENU-096,Coca-Cola,Beverage,10000,3,30000,BILLED,Kasir 1
306,FNB-20260804-233654-890,2026-08-04,2026-08-04 23:36:54,Ruangan 3 - VIP 3,MENU-045,Sampoerna Mild Red,Cigarette,60000,3,180000,BILLED,Kasir 1
307,FNB-20260804-233654-890,2026-08-04,2026-08-04 23:36:54,Ruangan 3 - VIP 3,MENU-002,Fruit Pletter,Food,35000,1,35000,BILLED,Kasir 1
308,FNB-20260804-233654-890,2026-08-04,2026-08-04 23:36:54,Ruangan 3 - VIP 3,MENU-010,Airtis 600ml,Beverage,8000,2,16000,BILLED,Kasir 1
309,FNB-20260804-230722-186,2026-08-04,2026-08-04 23:07:22,F&B Umum,MENU-042,Esse Change,Cigarette,65000,1,65000,PAID,Admin 1
310,FNB-20260804-225035-693,2026-08-04,2026-08-04 22:50:35,Ruangan 8 - VIP 8,MENU-017,Bintang,Beer,70000,2,140000,BILLED,Kasir 1
311,FNB-20260804-225035-693,2026-08-04,2026-08-04 22:50:35,Ruangan 8 - VIP 8,MENU-099,Sprite,Beverage,10000,1,10000,BILLED,Kasir 1
312,FNB-20260804-225035-693,2026-08-04,2026-08-04 22:50:35,Ruangan 8 - VIP 8,MENU-010,Airtis 600ml,Beverage,8000,4,32000,BILLED,Kasir 1
313,FNB-20260804-225035-693,2026-08-04,2026-08-04 22:50:35,Ruangan 8 - VIP 8,MENU-043,Esse double click,Cigarette,65000,3,195000,BILLED,Kasir 1
314,FNB-20260804-225035-693,2026-08-04,2026-08-04 22:50:35,Ruangan 8 - VIP 8,MENU-045,Sampoerna Mild Red,Cigarette,60000,1,60000,BILLED,Kasir 1
315,FNB-20260804-225035-693,2026-08-04,2026-08-04 22:50:35,Ruangan 8 - VIP 8,MENU-098,Djarum Super,Cigarette,40000,1,40000,BILLED,Kasir 1
316,FNB-20260804-225035-693,2026-08-04,2026-08-04 22:50:35,Ruangan 8 - VIP 8,MENU-019,Draft beer,Beer,70000,1,70000,BILLED,Kasir 1
317,FNB-20260804-225035-693,2026-08-04,2026-08-04 22:50:35,Ruangan 8 - VIP 8,MENU-046,Sampoerna Menthol,Cigarette,60000,1,60000,BILLED,Kasir 1
318,FNB-20260804-040149-805,2026-08-04,2026-08-04 04:01:49,Ruangan 9 - EXECUTIVE ,MENU-043,Esse double click,Cigarette,65000,1,65000,BILLED,Kasir 1
319,FNB-20260804-040149-805,2026-08-04,2026-08-04 04:01:49,Ruangan 9 - EXECUTIVE ,MENU-046,Sampoerna Menthol,Cigarette,60000,1,60000,BILLED,Kasir 1
320,FNB-20260804-034555-970,2026-08-04,2026-08-04 03:45:55,Ruangan 9 - EXECUTIVE ,MENU-042,Esse Change,Cigarette,65000,1,65000,BILLED,Kasir 1
321,FNB-20260804-034555-970,2026-08-04,2026-08-04 03:45:55,Ruangan 9 - EXECUTIVE ,MENU-046,Sampoerna Menthol,Cigarette,60000,1,60000,BILLED,Kasir 1
322,FNB-20260804-034555-970,2026-08-04,2026-08-04 03:45:55,Ruangan 9 - EXECUTIVE ,MENU-096,Coca-Cola,Beverage,10000,1,10000,BILLED,Kasir 1
323,FNB-20260804-034555-970,2026-08-04,2026-08-04 03:45:55,Ruangan 9 - EXECUTIVE ,MENU-010,Airtis 600ml,Beverage,8000,2,16000,BILLED,Kasir 1
324,FNB-20260804-033147-986,2026-08-04,2026-08-04 03:31:47,Ruangan 9 - EXECUTIVE ,MENU-050,Filter,Cigarette,45000,1,45000,BILLED,Kasir 1
325,FNB-20260804-030205-468,2026-08-04,2026-08-04 03:02:05,Ruangan 9 - EXECUTIVE ,MENU-043,Esse double click,Cigarette,65000,1,65000,BILLED,Kasir 1
326,FNB-20260804-025202-79,2026-08-04,2026-08-04 02:52:02,Ruangan 9 - EXECUTIVE ,MENU-096,Coca-Cola,Beverage,10000,2,20000,BILLED,Kasir 1
327,FNB-20260804-024929-413,2026-08-04,2026-08-04 02:49:29,Ruangan 9 - EXECUTIVE ,MENU-029,Singleton 12 GO,Single Malt,1050000,2,2100000,BILLED,Kasir 1
328,FNB-20260804-022152-305,2026-08-04,2026-08-04 02:21:52,Ruangan 9 - EXECUTIVE ,MENU-006,Mix Snack Pletter,Food,45000,1,45000,BILLED,Kasir 1
329,FNB-20260804-021432-687,2026-08-04,2026-08-04 02:14:32,Ruangan 9 - EXECUTIVE ,MENU-008,Es teh manis,Beverage,10000,1,10000,BILLED,Kasir 1
330,FNB-20260804-020515-808,2026-08-04,2026-08-04 02:05:15,Ruangan 9 - EXECUTIVE ,MENU-043,Esse double click,Cigarette,65000,1,65000,BILLED,Kasir 1
331,FNB-20260804-020134-440,2026-08-04,2026-08-04 02:01:34,Ruangan 9 - EXECUTIVE ,MENU-050,Filter,Cigarette,45000,1,45000,BILLED,Kasir 1
332,FNB-20260804-015445-85,2026-08-04,2026-08-04 01:54:45,Ruangan 9 - EXECUTIVE ,MENU-010,Airtis 600ml,Beverage,8000,2,16000,BILLED,Kasir 1
333,FNB-20260804-014138-583,2026-08-04,2026-08-04 01:41:38,Ruangan 9 - EXECUTIVE ,MENU-032,Captain Morgan,Lokal,500000,1,500000,BILLED,Kasir 1
334,FNB-20260804-014138-583,2026-08-04,2026-08-04 01:41:38,Ruangan 9 - EXECUTIVE ,MENU-096,Coca-Cola,Beverage,10000,3,30000,BILLED,Kasir 1
335,FNB-20260804-014138-583,2026-08-04,2026-08-04 01:41:38,Ruangan 9 - EXECUTIVE ,MENU-046,Sampoerna Menthol,Cigarette,60000,1,60000,BILLED,Kasir 1
336,FNB-20260804-005100-562,2026-08-04,2026-08-04 00:51:00,Ruangan 9 - EXECUTIVE ,MENU-046,Sampoerna Menthol,Cigarette,60000,1,60000,BILLED,Kasir 1
337,FNB-20260804-003550-773,2026-08-04,2026-08-04 00:35:50,Ruangan 9 - EXECUTIVE ,MENU-042,Esse Change,Cigarette,65000,1,65000,BILLED,Kasir 1
338,FNB-20260803-234559-551,2026-08-03,2026-08-03 23:45:59,Ruangan 9 - EXECUTIVE ,MENU-096,Coca-Cola,Beverage,10000,1,10000,BILLED,Kasir 1
339,FNB-20260803-234458-310,2026-08-03,2026-08-03 23:44:58,Ruangan 9 - EXECUTIVE ,MENU-096,Coca-Cola,Beverage,10000,1,10000,BILLED,Kasir 1
340,FNB-20260803-234415-444,2026-08-03,2026-08-03 23:44:15,Ruangan 9 - EXECUTIVE ,MENU-032,Captain Morgan,Lokal,500000,1,500000,BILLED,Kasir 1
341,FNB-20260803-233657-666,2026-08-03,2026-08-03 23:36:57,Ruangan 3 - VIP 3,MENU-035,Anggur Merah,Anggur,85000,2,170000,BILLED,Kasir 1
342,FNB-20260803-233247-190,2026-08-03,2026-08-03 23:32:47,Ruangan 9 - EXECUTIVE ,MENU-021,Guinnes Stout,Beer,75000,1,75000,BILLED,Kasir 1
343,FNB-20260803-233104-9,2026-08-03,2026-08-03 23:31:04,Ruangan 3 - VIP 3,MENU-046,Sampoerna Menthol,Cigarette,60000,1,60000,BILLED,Kasir 1
344,FNB-20260803-231335-318,2026-08-03,2026-08-03 23:13:35,Ruangan 9 - EXECUTIVE ,MENU-021,Guinnes Stout,Beer,75000,1,75000,BILLED,Kasir 1
345,FNB-20260803-230645-507,2026-08-03,2026-08-03 23:06:45,Ruangan 3 - VIP 3,MENU-043,Esse double click,Cigarette,65000,1,65000,BILLED,Kasir 1
346,FNB-20260803-225551-558,2026-08-03,2026-08-03 22:55:51,Ruangan 1 - VIP 1,MENU-021,Guinnes Stout,Beer,75000,2,150000,BILLED,Admin 1
347,FNB-20260803-225551-558,2026-08-03,2026-08-03 22:55:51,Ruangan 1 - VIP 1,MENU-042,Esse Change,Cigarette,65000,1,65000,BILLED,Admin 1
348,FNB-20260803-225551-558,2026-08-03,2026-08-03 22:55:51,Ruangan 1 - VIP 1,MENU-001,French Fries,Food,20000,1,20000,BILLED,Admin 1
349,FNB-20260803-225400-330,2026-08-03,2026-08-03 22:54:00,Ruangan 9 - EXECUTIVE ,MENU-002,Fruit Pletter,Food,35000,1,35000,BILLED,Admin 1
350,FNB-20260803-225044-275,2026-08-03,2026-08-03 22:50:44,Ruangan 9 - EXECUTIVE ,MENU-043,Esse double click,Cigarette,65000,1,65000,BILLED,Admin 1
351,FNB-20260803-225044-275,2026-08-03,2026-08-03 22:50:44,Ruangan 9 - EXECUTIVE ,MENU-045,Sampoerna Mild Red,Cigarette,60000,1,60000,BILLED,Admin 1
352,FNB-20260803-224359-912,2026-08-03,2026-08-03 22:43:59,F&B Umum,MENU-036,Intisari,Anggur,80000,1,80000,PAID,Admin 1
353,FNB-20260803-223740-466,2026-08-03,2026-08-03 22:37:40,Ruangan 9 - EXECUTIVE ,MENU-046,Sampoerna Menthol,Cigarette,60000,3,180000,BILLED,Kasir 1
354,FNB-20260803-223740-466,2026-08-03,2026-08-03 22:37:40,Ruangan 9 - EXECUTIVE ,MENU-032,Captain Morgan,Lokal,500000,1,500000,BILLED,Kasir 1
355,FNB-20260803-223740-466,2026-08-03,2026-08-03 22:37:40,Ruangan 9 - EXECUTIVE ,MENU-096,Coca-Cola,Beverage,10000,1,10000,BILLED,Kasir 1
356,FNB-20260803-223740-466,2026-08-03,2026-08-03 22:37:40,Ruangan 9 - EXECUTIVE ,MENU-010,Airtis 600ml,Beverage,8000,2,16000,BILLED,Kasir 1
357,FNB-20260803-223740-466,2026-08-03,2026-08-03 22:37:40,Ruangan 9 - EXECUTIVE ,MENU-008,Es teh manis,Beverage,10000,1,10000,BILLED,Kasir 1
358,FNB-20260803-223740-466,2026-08-03,2026-08-03 22:37:40,Ruangan 9 - EXECUTIVE ,MENU-001,French Fries,Food,20000,1,20000,BILLED,Kasir 1
359,FNB-20260803-223740-466,2026-08-03,2026-08-03 22:37:40,Ruangan 9 - EXECUTIVE ,MENU-002,Fruit Pletter,Food,35000,1,35000,BILLED,Kasir 1
360,FNB-20260803-221459-193,2026-08-03,2026-08-03 22:14:59,Ruangan 3 - VIP 3,MENU-034,Batavia Whisky,Lokal,500000,1,500000,BILLED,Kasir 1
361,FNB-20260803-221459-193,2026-08-03,2026-08-03 22:14:59,Ruangan 3 - VIP 3,MENU-096,Coca-Cola,Beverage,10000,2,20000,BILLED,Kasir 1
362,FNB-20260803-221459-193,2026-08-03,2026-08-03 22:14:59,Ruangan 3 - VIP 3,MENU-006,Mix Snack Pletter,Food,45000,1,45000,BILLED,Kasir 1
363,FNB-20260803-213347-795,2026-08-03,2026-08-03 21:33:47,F&B Umum,MENU-021,Guinnes Stout,Beer,75000,1,75000,PAID,Kasir 1
364,FNB-20260803-193422-724,2026-08-03,2026-08-03 19:34:22,Ruangan 1 - VIP 1,MENU-030,Jack Daniels,American Whisky,750000,1,750000,BILLED,Manager 1
365,FNB-20260803-162022-912,2026-08-03,2026-08-03 16:20:22,Ruangan 1 - VIP 1,MENU-040,Abidin,Anggur,145000,1,145000,BILLED,Manager 1
366,FNB-20260803-161908-889,2026-08-03,2026-08-03 16:19:08,Ruangan 1 - VIP 1,MENU-030,Jack Daniels,American Whisky,750000,1,750000,BILLED,Manager 1
367,FNB-20260803-155444-556,2026-08-03,2026-08-03 15:54:44,Ruangan 1 - VIP 1,MENU-017,Bintang,Beer,70000,1,70000,BILLED,Manager 1
368,FNB-20260803-022101-272,2026-08-03,2026-08-03 02:21:01,F&B Umum,MENU-038,Anggur Putih,Anggur,95000,1,95000,PAID,Manager 1
369,FNB-20260803-022101-272,2026-08-03,2026-08-03 02:21:01,F&B Umum,MENU-099,Sprite,Beverage,10000,1,10000,PAID,Manager 1
370,FNB-20260803-021505-636,2026-08-03,2026-08-03 02:15:05,Ruangan 9 - EXECUTIVE ,MENU-042,Esse Change,Cigarette,65000,1,65000,PAID,Manager 1
371,FNB-20260803-020548-420,2026-08-03,2026-08-03 02:05:48,Ruangan 9 - EXECUTIVE ,MENU-042,Esse Change,Cigarette,65000,1,65000,PAID,Manager 1
372,FNB-20260803-020511-312,2026-08-03,2026-08-03 02:05:11,Ruangan 9 - EXECUTIVE ,MENU-042,Esse Change,Cigarette,65000,1,65000,PAID,Manager 1
373,FNB-20260803-014738-276,2026-08-03,2026-08-03 01:47:38,Ruangan 9 - EXECUTIVE ,MENU-010,Airtis 600ml,Beverage,8000,1,8000,PAID,Manager 1
374,FNB-20260803-011930-353,2026-08-03,2026-08-03 01:19:30,F&B Umum,MENU-036,Intisari,Anggur,80000,2,160000,PAID,Manager 1
375,FNB-20260803-011930-353,2026-08-03,2026-08-03 01:19:30,F&B Umum,MENU-021,Guinnes Stout,Beer,75000,2,150000,PAID,Manager 1
376,FNB-20260803-011930-353,2026-08-03,2026-08-03 01:19:30,F&B Umum,MENU-010,Airtis 600ml,Beverage,8000,1,8000,PAID,Manager 1
377,FNB-20260803-011930-353,2026-08-03,2026-08-03 01:19:30,F&B Umum,MENU-101,Avolution Merah,Cigarette,65000,1,65000,PAID,Manager 1
378,FNB-20260803-011930-353,2026-08-03,2026-08-03 01:19:30,F&B Umum,MENU-042,Esse Change,Cigarette,65000,1,65000,PAID,Manager 1
379,FNB-20260803-011603-797,2026-08-03,2026-08-03 01:16:03,Ruangan 9 - EXECUTIVE ,MENU-042,Esse Change,Cigarette,65000,1,65000,PAID,Manager 1
380,FNB-20260803-011603-797,2026-08-03,2026-08-03 01:16:03,Ruangan 9 - EXECUTIVE ,MENU-097,Jameson,Spirit,650000,1,650000,PAID,Manager 1
381,FNB-20260803-003756-6,2026-08-03,2026-08-03 00:37:56,Ruangan 9 - EXECUTIVE ,MENU-004,Kaki Naga,Food,25000,1,25000,PAID,Manager 1
382,FNB-20260803-003554-694,2026-08-03,2026-08-03 00:35:54,Ruangan 9 - EXECUTIVE ,MENU-042,Esse Change,Cigarette,65000,1,65000,PAID,Manager 1
383,FNB-20260803-003009-711,2026-08-03,2026-08-03 00:30:09,Ruangan 9 - EXECUTIVE ,MENU-035,Anggur Merah,Anggur,85000,1,85000,PAID,Manager 1
384,FNB-20260803-003009-711,2026-08-03,2026-08-03 00:30:09,Ruangan 9 - EXECUTIVE ,MENU-017,Bintang,Beer,70000,2,140000,PAID,Manager 1
385,FNB-20260803-002442-494,2026-08-03,2026-08-03 00:24:42,F&B Umum,MENU-032,Captain Morgan,Lokal,500000,1,500000,PAID,Manager 1
386,FNB-20260803-002442-494,2026-08-03,2026-08-03 00:24:42,F&B Umum,MENU-096,Coca-Cola,Beverage,10000,2,20000,PAID,Manager 1
387,FNB-20260803-002442-494,2026-08-03,2026-08-03 00:24:42,F&B Umum,MENU-042,Esse Change,Cigarette,65000,1,65000,PAID,Manager 1
388,FNB-20260802-232910-100,2026-08-02,2026-08-02 23:29:10,F&B Umum,MENU-036,Intisari,Anggur,80000,1,80000,PAID,Kasir 1
389,FNB-20260802-232910-100,2026-08-02,2026-08-02 23:29:10,F&B Umum,MENU-021,Guinnes Stout,Beer,75000,1,75000,PAID,Kasir 1
390,FNB-20260802-232910-100,2026-08-02,2026-08-02 23:29:10,F&B Umum,MENU-010,Airtis 600ml,Beverage,8000,1,8000,PAID,Kasir 1
391,FNB-20260802-225419-359,2026-08-02,2026-08-02 22:54:19,Ruangan 9 - EXECUTIVE ,MENU-035,Anggur Merah,Anggur,85000,1,85000,PAID,Kasir 1
392,FNB-20260802-225339-284,2026-08-02,2026-08-02 22:53:39,Ruangan 1 - VIP 1,MENU-013,Jus Jeruk,Beverage,20000,4,80000,PAID,Kasir 1
393,FNB-20260802-224119-754,2026-08-02,2026-08-02 22:41:19,Ruangan 1 - VIP 1,MENU-001,French Fries,Food,20000,1,20000,PAID,Kasir 1
394,FNB-20260802-214824-500,2026-08-02,2026-08-02 21:48:24,Ruangan 9 - EXECUTIVE ,MENU-002,Fruit Pletter,Food,35000,1,35000,PAID,Manager 1
395,FNB-20260802-212924-346,2026-08-02,2026-08-02 21:29:24,Ruangan 9 - EXECUTIVE ,MENU-010,Airtis 600ml,Beverage,8000,4,32000,PAID,Manager 1
396,FNB-20260802-210840-524,2026-08-02,2026-08-02 21:08:40,Ruangan 9 - EXECUTIVE ,MENU-035,Anggur Merah,Anggur,85000,2,170000,PAID,Manager 1
397,FNB-20260802-210840-524,2026-08-02,2026-08-02 21:08:40,Ruangan 9 - EXECUTIVE ,MENU-017,Bintang,Beer,70000,2,140000,PAID,Manager 1
398,FNB-20260802-210840-524,2026-08-02,2026-08-02 21:08:40,Ruangan 9 - EXECUTIVE ,MENU-006,Mix Snack Pletter,Food,45000,1,45000,PAID,Manager 1
399,FNB-20260802-210525-843,2026-08-02,2026-08-02 21:05:25,Ruangan 9 - EXECUTIVE ,MENU-042,Esse Change,Cigarette,65000,1,65000,PAID,Manager 1
400,FNB-20260802-210525-843,2026-08-02,2026-08-02 21:05:25,Ruangan 9 - EXECUTIVE ,MENU-043,Esse double click,Cigarette,65000,1,65000,PAID,Manager 1
401,FNB-20260802-054347-263,2026-08-02,2026-08-02 05:43:47,Ruangan 8 - VIP 8,MENU-096,Coca-Cola,Beverage,10000,1,10000,PAID,Kasir 1
402,FNB-20260802-045109-179,2026-08-02,2026-08-02 04:51:09,Ruangan 8 - VIP 8,MENU-036,Intisari,Anggur,80000,1,80000,PAID,Kasir 1
403,FNB-20260802-045109-179,2026-08-02,2026-08-02 04:51:09,Ruangan 8 - VIP 8,MENU-011,Airtis 330ml,Beverage,5000,1,5000,PAID,Kasir 1
404,FNB-20260802-044514-557,2026-08-02,2026-08-02 04:45:14,Ruangan 7 - VIP 7,MENU-039,Atlas Leci,Anggur,120000,1,120000,PAID,Kasir 1
405,FNB-20260802-044400-251,2026-08-02,2026-08-02 04:44:00,Ruangan 5 - VIP 5,MENU-035,Anggur Merah,Anggur,85000,1,85000,PAID,Kasir 1
406,FNB-20260802-044400-251,2026-08-02,2026-08-02 04:44:00,Ruangan 5 - VIP 5,MENU-010,Airtis 600ml,Beverage,8000,1,8000,PAID,Kasir 1
407,FNB-20260802-044228-396,2026-08-02,2026-08-02 04:42:28,Ruangan 1 - VIP 1,MENU-010,Airtis 600ml,Beverage,8000,2,16000,PAID,Kasir 1
408,FNB-20260802-044228-396,2026-08-02,2026-08-02 04:42:28,Ruangan 1 - VIP 1,MENU-001,French Fries,Food,20000,1,20000,PAID,Kasir 1
409,FNB-20260802-042811-485,2026-08-02,2026-08-02 04:28:11,F&B Umum,MENU-035,Anggur Merah,Anggur,85000,1,85000,PAID,Kasir 1
410,FNB-20260802-042811-485,2026-08-02,2026-08-02 04:28:11,F&B Umum,MENU-046,Sampoerna Menthol,Cigarette,60000,1,60000,PAID,Kasir 1
411,FNB-20260802-042441-211,2026-08-02,2026-08-02 04:24:41,Ruangan 2 - VIP 2,MENU-010,Airtis 600ml,Beverage,8000,2,16000,PAID,Kasir 1
412,FNB-20260802-042441-211,2026-08-02,2026-08-02 04:24:41,Ruangan 2 - VIP 2,MENU-021,Guinnes Stout,Beer,75000,1,75000,PAID,Kasir 1
413,FNB-20260802-032101-378,2026-08-02,2026-08-02 03:21:01,Ruangan 7 - VIP 7,MENU-010,Airtis 600ml,Beverage,8000,2,16000,PAID,Kasir 1
414,FNB-20260802-031950-663,2026-08-02,2026-08-02 03:19:50,Ruangan 3 - VIP 3,MENU-043,Esse double click,Cigarette,65000,1,65000,PAID,Kasir 1
415,FNB-20260802-025002-568,2026-08-02,2026-08-02 02:50:02,Ruangan 9 - EXECUTIVE ,MENU-043,Esse double click,Cigarette,65000,2,130000,PAID,Kasir 1
416,FNB-20260802-024214-959,2026-08-02,2026-08-02 02:42:14,Ruangan 9 - EXECUTIVE ,MENU-035,Anggur Merah,Anggur,85000,1,85000,PAID,Kasir 1
417,FNB-20260802-024214-959,2026-08-02,2026-08-02 02:42:14,Ruangan 9 - EXECUTIVE ,MENU-036,Intisari,Anggur,80000,1,80000,PAID,Kasir 1
418,FNB-20260802-023828-403,2026-08-02,2026-08-02 02:38:28,Ruangan 7 - VIP 7,MENU-043,Esse double click,Cigarette,65000,1,65000,PAID,Kasir 1
419,FNB-20260802-023828-403,2026-08-02,2026-08-02 02:38:28,Ruangan 7 - VIP 7,MENU-046,Sampoerna Menthol,Cigarette,60000,1,60000,PAID,Kasir 1
420,FNB-20260802-023828-403,2026-08-02,2026-08-02 02:38:28,Ruangan 7 - VIP 7,MENU-042,Esse Change,Cigarette,65000,1,65000,PAID,Kasir 1
421,FNB-20260802-023828-403,2026-08-02,2026-08-02 02:38:28,Ruangan 7 - VIP 7,MENU-039,Atlas Leci,Anggur,120000,1,120000,PAID,Kasir 1
422,FNB-20260802-023828-403,2026-08-02,2026-08-02 02:38:28,Ruangan 7 - VIP 7,MENU-096,Coca-Cola,Beverage,10000,1,10000,PAID,Kasir 1
423,FNB-20260802-023828-403,2026-08-02,2026-08-02 02:38:28,Ruangan 7 - VIP 7,MENU-006,Mix Snack Pletter,Food,45000,1,45000,PAID,Kasir 1
424,FNB-20260802-023828-403,2026-08-02,2026-08-02 02:38:28,Ruangan 7 - VIP 7,MENU-005,Sosis,Food,25000,1,25000,PAID,Kasir 1
425,FNB-20260802-023228-936,2026-08-02,2026-08-02 02:32:28,Ruangan 7 - VIP 7,MENU-043,Esse double click,Cigarette,65000,1,65000,PAID,Kasir 1
426,FNB-20260802-023228-936,2026-08-02,2026-08-02 02:32:28,Ruangan 7 - VIP 7,MENU-046,Sampoerna Menthol,Cigarette,60000,1,60000,PAID,Kasir 1
427,FNB-20260802-023228-936,2026-08-02,2026-08-02 02:32:28,Ruangan 7 - VIP 7,MENU-042,Esse Change,Cigarette,65000,1,65000,PAID,Kasir 1
428,FNB-20260802-014517-77,2026-08-02,2026-08-02 01:45:17,Ruangan 3 - VIP 3,MENU-035,Anggur Merah,Anggur,85000,1,85000,PAID,Kasir 1
429,FNB-20260802-014517-77,2026-08-02,2026-08-02 01:45:17,Ruangan 3 - VIP 3,MENU-039,Atlas Leci,Anggur,120000,1,120000,PAID,Kasir 1
430,FNB-20260802-014517-77,2026-08-02,2026-08-02 01:45:17,Ruangan 3 - VIP 3,MENU-046,Sampoerna Menthol,Cigarette,60000,1,60000,PAID,Kasir 1
431,FNB-20260802-014401-757,2026-08-02,2026-08-02 01:44:01,Ruangan 2 - VIP 2,MENU-043,Esse double click,Cigarette,65000,1,65000,PAID,Kasir 1
432,FNB-20260802-014254-152,2026-08-02,2026-08-02 01:42:54,Ruangan 8 - VIP 8,MENU-035,Anggur Merah,Anggur,85000,1,85000,PAID,Kasir 1
433,FNB-20260802-012118-720,2026-08-02,2026-08-02 01:21:18,Ruangan 6 - VIP 6,MENU-035,Anggur Merah,Anggur,85000,1,85000,PAID,Kasir 1
434,FNB-20260802-011921-454,2026-08-02,2026-08-02 01:19:21,Ruangan 5 - VIP 5,MENU-035,Anggur Merah,Anggur,85000,1,85000,PAID,Kasir 1
435,FNB-20260802-011102-35,2026-08-02,2026-08-02 01:11:02,Ruangan 2 - VIP 2,MENU-046,Sampoerna Menthol,Cigarette,60000,3,180000,PAID,Kasir 1
436,FNB-20260802-010235-975,2026-08-02,2026-08-02 01:02:35,Ruangan 8 - VIP 8,MENU-045,Sampoerna Mild Red,Cigarette,60000,1,60000,PAID,Kasir 1
437,FNB-20260802-005606-870,2026-08-02,2026-08-02 00:56:06,Ruangan 5 - VIP 5,MENU-010,Airtis 600ml,Beverage,8000,1,8000,PAID,Kasir 1
438,FNB-20260802-005348-60,2026-08-02,2026-08-02 00:53:48,Ruangan 8 - VIP 8,MENU-035,Anggur Merah,Anggur,85000,2,170000,PAID,Kasir 1
439,FNB-20260802-004640-910,2026-08-02,2026-08-02 00:46:40,Ruangan 2 - VIP 2,MENU-017,Bintang,Beer,70000,2,140000,PAID,Kasir 1
440,FNB-20260802-004552-155,2026-08-02,2026-08-02 00:45:52,Ruangan 2 - VIP 2,MENU-017,Bintang,Beer,70000,2,140000,PAID,Kasir 1
441,FNB-20260802-003204-32,2026-08-02,2026-08-02 00:32:04,Ruangan 2 - VIP 2,MENU-051,Magnum Filter,Cigarette,45000,2,90000,PAID,Kasir 1
442,FNB-20260802-001646-683,2026-08-02,2026-08-02 00:16:46,Ruangan 5 - VIP 5,MENU-001,French Fries,Food,20000,1,20000,PAID,Kasir 1
443,FNB-20260802-001646-683,2026-08-02,2026-08-02 00:16:46,Ruangan 5 - VIP 5,MENU-045,Sampoerna Mild Red,Cigarette,60000,1,60000,PAID,Kasir 1
444,FNB-20260802-001544-656,2026-08-02,2026-08-02 00:15:44,Ruangan 7 - VIP 7,MENU-035,Anggur Merah,Anggur,85000,1,85000,PAID,Kasir 1
445,FNB-20260802-001438-910,2026-08-02,2026-08-02 00:14:38,Ruangan 3 - VIP 3,MENU-043,Esse double click,Cigarette,65000,1,65000,PAID,Kasir 1
446,FNB-20260802-001123-981,2026-08-02,2026-08-02 00:11:23,Ruangan 3 - VIP 3,MENU-043,Esse double click,Cigarette,65000,1,65000,PAID,Kasir 1
447,FNB-20260802-000939-613,2026-08-02,2026-08-02 00:09:39,Ruangan 3 - VIP 3,MENU-043,Esse double click,Cigarette,65000,1,65000,PAID,Kasir 1
448,FNB-20260802-000032-917,2026-08-02,2026-08-02 00:00:32,Ruangan 5 - VIP 5,MENU-035,Anggur Merah,Anggur,85000,2,170000,PAID,Kasir 1
449,FNB-20260802-000032-917,2026-08-02,2026-08-02 00:00:32,Ruangan 5 - VIP 5,MENU-043,Esse double click,Cigarette,65000,1,65000,PAID,Kasir 1
450,FNB-20260801-235429-177,2026-08-01,2026-08-01 23:54:29,Ruangan 3 - VIP 3,MENU-035,Anggur Merah,Anggur,85000,2,170000,PAID,Kasir 1
451,FNB-20260801-235429-177,2026-08-01,2026-08-01 23:54:29,Ruangan 3 - VIP 3,MENU-039,Atlas Leci,Anggur,120000,2,240000,PAID,Kasir 1
452,FNB-20260801-234802-917,2026-08-01,2026-08-01 23:48:02,Ruangan 1 - VIP 1,MENU-042,Esse Change,Cigarette,65000,1,65000,PAID,Kasir 1
453,FNB-20260801-230227-754,2026-08-01,2026-08-01 23:02:27,Ruangan 7 - VIP 7,MENU-096,Coca-Cola,Beverage,10000,1,10000,PAID,Kasir 1
454,FNB-20260801-224923-91,2026-08-01,2026-08-01 22:49:23,Ruangan 7 - VIP 7,MENU-041,Pink Lady,Anggur,125000,1,125000,PAID,Kasir 1
455,FNB-20260801-224557-523,2026-08-01,2026-08-01 22:45:57,Ruangan 2 - VIP 2,MENU-043,Esse double click,Cigarette,65000,1,65000,PAID,Kasir 1
456,FNB-20260801-224108-950,2026-08-01,2026-08-01 22:41:08,Ruangan 2 - VIP 2,MENU-051,Magnum Filter,Cigarette,45000,1,45000,PAID,Kasir 1
457,FNB-20260801-223538-355,2026-08-01,2026-08-01 22:35:38,Ruangan 7 - VIP 7,MENU-043,Esse double click,Cigarette,65000,1,65000,PAID,Kasir 1
458,FNB-20260801-223538-355,2026-08-01,2026-08-01 22:35:38,Ruangan 7 - VIP 7,MENU-010,Airtis 600ml,Beverage,8000,2,16000,PAID,Kasir 1
459,FNB-20260801-223141-12,2026-08-01,2026-08-01 22:31:41,Ruangan 2 - VIP 2,MENU-100,Kratingdaeng,Beverage,10000,10,100000,PAID,Kasir 1
460,FNB-20260801-223003-170,2026-08-01,2026-08-01 22:30:03,Ruangan 2 - VIP 2,MENU-010,Airtis 600ml,Beverage,8000,10,80000,PAID,Kasir 1
461,FNB-20260801-221106-2,2026-08-01,2026-08-01 22:11:06,Ruangan 7 - VIP 7,MENU-035,Anggur Merah,Anggur,85000,3,255000,PAID,Kasir 1
462,FNB-20260801-221106-2,2026-08-01,2026-08-01 22:11:06,Ruangan 7 - VIP 7,MENU-045,Sampoerna Mild Red,Cigarette,60000,1,60000,PAID,Kasir 1
463,FNB-20260801-213816-681,2026-08-01,2026-08-01 21:38:16,Ruangan 7 - VIP 7,MENU-035,Anggur Merah,Anggur,85000,2,170000,PAID,Kasir 1
464,FNB-20260801-213816-681,2026-08-01,2026-08-01 21:38:16,Ruangan 7 - VIP 7,MENU-002,Fruit Pletter,Food,35000,1,35000,PAID,Kasir 1
465,FNB-20260801-213816-681,2026-08-01,2026-08-01 21:38:16,Ruangan 7 - VIP 7,MENU-010,Airtis 600ml,Beverage,8000,4,32000,PAID,Kasir 1
466,FNB-20260801-213816-681,2026-08-01,2026-08-01 21:38:16,Ruangan 7 - VIP 7,MENU-045,Sampoerna Mild Red,Cigarette,60000,1,60000,PAID,Kasir 1
467,FNB-20260801-213816-681,2026-08-01,2026-08-01 21:38:16,Ruangan 7 - VIP 7,MENU-046,Sampoerna Menthol,Cigarette,60000,1,60000,PAID,Kasir 1
468,FNB-20260801-211616-306,2026-08-01,2026-08-01 21:16:16,F&B Umum,MENU-037,Kawa KAwa,Anggur,80000,1,80000,PAID,Kasir 1
469,FNB-20260801-205845-76,2026-08-01,2026-08-01 20:58:45,F&B Umum,MENU-001,French Fries,Food,20000,1,20000,PAID,Kasir 1
470,FNB-20260801-205845-76,2026-08-01,2026-08-01 20:58:45,F&B Umum,MENU-010,Airtis 600ml,Beverage,8000,2,16000,PAID,Kasir 1
471,FNB-20260801-022525-640,2026-08-01,2026-08-01 02:25:25,F&B Umum,MENU-045,Sampoerna Mild Red,Cigarette,60000,1,60000,PAID,Kasir 1
472,FNB-20260801-022525-640,2026-08-01,2026-08-01 02:25:25,F&B Umum,MENU-043,Esse double click,Cigarette,65000,1,65000,PAID,Kasir 1
473,FNB-20260801-022525-640,2026-08-01,2026-08-01 02:25:25,F&B Umum,MENU-017,Bintang,Beer,70000,2,140000,PAID,Kasir 1
474,FNB-20260801-021524-657,2026-08-01,2026-08-01 02:15:24,F&B Umum,MENU-010,Airtis 600ml,Beverage,8000,12,96000,PAID,Kasir 1
475,FNB-20260801-021524-657,2026-08-01,2026-08-01 02:15:24,F&B Umum,MENU-051,Magnum Filter,Cigarette,45000,1,45000,PAID,Kasir 1
476,FNB-20260731-221250-287,2026-07-31,2026-07-31 22:12:50,F&B Umum,MENU-042,Esse Change,Cigarette,65000,1,65000,PAID,Kasir 1
477,FNB-20260731-220741-846,2026-07-31,2026-07-31 22:07:41,F&B Umum,MENU-038,Anggur Putih,Anggur,95000,1,95000,PAID,Kasir 1
478,FNB-20260731-220426-975,2026-07-31,2026-07-31 22:04:26,F&B Umum,MENU-046,Sampoerna Menthol,Cigarette,60000,1,60000,PAID,Kasir 1
479,FNB-20260731-220047-791,2026-07-31,2026-07-31 22:00:47,F&B Umum,MENU-099,Sprite,Beverage,10000,1,10000,PAID,Kasir 1
480,FNB-20260731-215103-912,2026-07-31,2026-07-31 21:51:03,Ruangan 5 - VIP 5,MENU-035,Anggur Merah,Anggur,85000,3,255000,PAID,Kasir 1
481,FNB-20260731-215103-912,2026-07-31,2026-07-31 21:51:03,Ruangan 5 - VIP 5,MENU-010,Airtis 600ml,Beverage,8000,6,48000,PAID,Kasir 1
482,FNB-20260731-215103-912,2026-07-31,2026-07-31 21:51:03,Ruangan 5 - VIP 5,MENU-002,Fruit Pletter,Food,35000,2,70000,PAID,Kasir 1
483,FNB-20260731-215103-912,2026-07-31,2026-07-31 21:51:03,Ruangan 5 - VIP 5,MENU-043,Esse double click,Cigarette,65000,1,65000,PAID,Kasir 1
484,FNB-20260731-215103-912,2026-07-31,2026-07-31 21:51:03,Ruangan 5 - VIP 5,MENU-045,Sampoerna Mild Red,Cigarette,60000,1,60000,PAID,Kasir 1
485,FNB-20260731-215103-912,2026-07-31,2026-07-31 21:51:03,Ruangan 5 - VIP 5,MENU-046,Sampoerna Menthol,Cigarette,60000,1,60000,PAID,Kasir 1
486,FNB-20260731-212801-461,2026-07-31,2026-07-31 21:28:01,F&B Umum,MENU-043,Esse double click,Cigarette,65000,1,65000,PAID,Kasir 1
487,FNB-20260731-212229-831,2026-07-31,2026-07-31 21:22:29,F&B Umum,MENU-043,Esse double click,Cigarette,65000,1,65000,PAID,Kasir 1
488,FNB-20260731-211149-335,2026-07-31,2026-07-31 21:11:49,Ruangan 6 - VIP 6,MENU-034,Batavia Whisky,Lokal,500000,1,500000,PAID,Kasir 1
489,FNB-20260731-211149-335,2026-07-31,2026-07-31 21:11:49,Ruangan 6 - VIP 6,MENU-010,Airtis 600ml,Beverage,8000,2,16000,PAID,Kasir 1
490,FNB-20260731-211149-335,2026-07-31,2026-07-31 21:11:49,Ruangan 6 - VIP 6,MENU-002,Fruit Pletter,Food,35000,1,35000,PAID,Kasir 1
491,FNB-20260731-210156-977,2026-07-31,2026-07-31 21:01:56,F&B Umum,MENU-043,Esse double click,Cigarette,65000,1,65000,PAID,Kasir 1
492,FNB-20260731-210156-977,2026-07-31,2026-07-31 21:01:56,F&B Umum,MENU-036,Intisari,Anggur,80000,2,160000,PAID,Kasir 1
493,FNB-20260731-210002-364,2026-07-31,2026-07-31 21:00:02,F&B Umum,MENU-011,Airtis 330ml,Beverage,5000,2,10000,PAID,Kasir 1
494,FNB-20260731-210002-364,2026-07-31,2026-07-31 21:00:02,F&B Umum,MENU-046,Sampoerna Menthol,Cigarette,60000,1,60000,PAID,Kasir 1
495,FNB-20260731-204824-939,2026-07-31,2026-07-31 20:48:24,F&B Umum,MENU-035,Anggur Merah,Anggur,85000,2,170000,PAID,Kasir 1
496,FNB-20260731-204824-939,2026-07-31,2026-07-31 20:48:24,F&B Umum,MENU-045,Sampoerna Mild Red,Cigarette,60000,2,120000,PAID,Kasir 1
497,FNB-20260731-204620-206,2026-07-31,2026-07-31 20:46:20,F&B Umum,MENU-035,Anggur Merah,Anggur,85000,2,170000,PAID,Kasir 1
498,FNB-20260731-204620-206,2026-07-31,2026-07-31 20:46:20,F&B Umum,MENU-045,Sampoerna Mild Red,Cigarette,60000,2,120000,PAID,Kasir 1
499,FNB-20260731-204352-67,2026-07-31,2026-07-31 20:43:52,F&B Umum,MENU-035,Anggur Merah,Anggur,85000,1,85000,PAID,Kasir 1
500,FNB-20260731-204352-67,2026-07-31,2026-07-31 20:43:52,F&B Umum,MENU-043,Esse double click,Cigarette,65000,1,65000,PAID,Kasir 1
501,FNB-20260731-204352-67,2026-07-31,2026-07-31 20:43:52,F&B Umum,MENU-017,Bintang,Beer,70000,5,350000,PAID,Kasir 1
502,FNB-20260731-204352-67,2026-07-31,2026-07-31 20:43:52,F&B Umum,MENU-010,Airtis 600ml,Beverage,8000,5,40000,PAID,Kasir 1
503,FNB-20260731-204004-379,2026-07-31,2026-07-31 20:40:04,F&B Umum,MENU-035,Anggur Merah,Anggur,85000,1,85000,PAID,Kasir 1
504,FNB-20260731-204004-379,2026-07-31,2026-07-31 20:40:04,F&B Umum,MENU-043,Esse double click,Cigarette,65000,1,65000,PAID,Kasir 1
505,FNB-20260731-203607-341,2026-07-31,2026-07-31 20:36:07,F&B Umum,MENU-098,Djarum Super,Cigarette,40000,1,40000,PAID,Kasir 1
506,FNB-20260731-203607-341,2026-07-31,2026-07-31 20:36:07,F&B Umum,MENU-045,Sampoerna Mild Red,Cigarette,60000,1,60000,PAID,Kasir 1
507,FNB-20260731-202526-678,2026-07-31,2026-07-31 20:25:26,F&B Umum,MENU-097,Jameson,Spirit,650000,1,650000,PAID,Kasir 1
508,FNB-20260731-202526-678,2026-07-31,2026-07-31 20:25:26,F&B Umum,MENU-043,Esse double click,Cigarette,65000,2,130000,PAID,Kasir 1
509,FNB-20260731-202526-678,2026-07-31,2026-07-31 20:25:26,F&B Umum,MENU-045,Sampoerna Mild Red,Cigarette,60000,1,60000,PAID,Kasir 1
510,FNB-20260731-202526-678,2026-07-31,2026-07-31 20:25:26,F&B Umum,MENU-096,Coca-Cola,Beverage,10000,1,10000,PAID,Kasir 1
511,FNB-20260731-202526-678,2026-07-31,2026-07-31 20:25:26,F&B Umum,MENU-006,Mix Snack Pletter,Food,45000,1,45000,PAID,Kasir 1
512,FNB-20260731-195733-673,2026-07-31,2026-07-31 19:57:33,Ruangan 1 - VIP 1,MENU-039,Atlas Leci,Anggur,120000,1,120000,PAID,Kasir 1